district,county,subcounty,parish,household_pop,households,hh_size,n_radio,n_tv,n_computer,n_unimproved_water,n_improved_water,n_improved_sanitation,n_unimproved_sanitation,n_open_defecation,n_grid,n_solar,n_subsistence,n_pdm,sh_tv,sh_computer,sh_grid,sh_improved_water,sh_improved_sanitation,sh_subsistence,wealth_index
BUIKWE,BUIKWE COUNTY,BUIKWE,KITAZI,6037,1468,4.112397820163488,718,386,24,204,1264,928,518,22,415,431,502,47,0.26294277929155313,0.01634877384196185,0.2826975476839237,0.8610354223433242,0.6321525885558583,0.3419618528610354,-0.8349220462168094
BUIKWE,BUIKWE COUNTY,BUIKWE,MALONGWE,6550,1663,3.9386650631389055,875,490,31,147,1516,999,633,31,631,437,482,41,0.2946482260974143,0.018641010222489478,0.3794347564642213,0.9116055321707757,0.6007215874924835,0.2898376428141912,-0.6324598378779807
BUIKWE,BUIKWE COUNTY,BUIKWE,SSUGU,7195,1757,4.095048377916904,784,453,33,273,1484,842,816,99,516,522,542,92,0.2578258394991463,0.018782014797951052,0.29368241320432553,0.8446215139442231,0.479225953329539,0.30848036425725667,-0.9762181563433675
BUIKWE,BUIKWE COUNTY,BUIKWE TOWN COUNCIL,BUIKWE WARD,10406,2841,3.6627947905667018,1231,1157,62,221,2620,1921,906,14,1668,393,516,61,0.407250967969025,0.021823301654347062,0.587117212249208,0.9222104892643436,0.6761703625483985,0.1816261879619852,-0.06586836887053334
BUIKWE,BUIKWE COUNTY,BUIKWE TOWN COUNCIL,LWERU WARD,10094,2491,4.0521878763548775,1050,755,43,277,2214,1659,808,24,919,660,689,57,0.3030911280610197,0.017262143717382578,0.3689281413087114,0.8887996788438378,0.6659975913287837,0.2765957446808511,-0.5504150980132444
BUIKWE,BUIKWE COUNTY,KIYINDI TOWN COUNCIL,GOLI WARD,3061,755,4.054304635761589,301,171,7,341,414,354,359,42,146,301,280,56,0.22649006622516557,0.009271523178807948,0.19337748344370861,0.5483443708609271,0.4688741721854305,0.3708609271523179,-1.4881803734855839
BUIKWE,BUIKWE COUNTY,KIYINDI TOWN COUNCIL,KIYINDI WARD,11947,3622,3.2984538928768634,1250,1271,90,414,3208,2232,1317,73,1949,562,670,61,0.35091109884041966,0.02484815019326339,0.5381004969630039,0.8856985091109884,0.616234124792932,0.1849806736609608,-0.2742877163803669
BUIKWE,BUIKWE COUNTY,KIYINDI TOWN COUNCIL,ZZINGA WARD,6816,1675,4.0692537313432835,717,677,37,153,1522,918,723,34,775,424,355,66,0.40417910447761196,0.02208955223880597,0.4626865671641791,0.9086567164179105,0.5480597014925374,0.21194029850746268,-0.3722087742946461
BUIKWE,BUIKWE COUNTY,NAJJA,BUSAGAZI,4188,861,4.86411149825784,288,136,8,180,681,471,368,22,19,448,367,79,0.15795586527293845,0.009291521486643438,0.022067363530778164,0.7909407665505227,0.5470383275261324,0.4262485481997677,-1.4619410760109752
BUIKWE,BUIKWE COUNTY,NAJJA,GULAMA,4162,964,4.317427385892116,455,211,13,61,903,370,557,37,116,495,454,68,0.21887966804979253,0.013485477178423237,0.12033195020746888,0.9367219917012448,0.38381742738589214,0.470954356846473,-1.4545079907955138
BUIKWE,BUIKWE COUNTY,NAJJA,KISIIMBA,8528,2099,4.062887089090043,997,627,24,243,1856,925,1139,35,510,1052,495,90,0.29871367317770364,0.011434016198189614,0.2429728442115293,0.8842305859933302,0.4406860409718914,0.2358265840876608,-0.8658033048896143
BUIKWE,BUIKWE COUNTY,NAJJA,MAWOTTO,8174,1908,4.284067085953878,862,427,21,160,1748,1240,616,52,197,1016,667,69,0.22379454926624737,0.0110062893081761,0.10324947589098532,0.9161425576519916,0.649895178197065,0.34958071278826,-0.9549025381677733
BUIKWE,BUIKWE COUNTY,NAJJA,NAMATOVU,4325,1067,4.053420805998125,550,267,8,74,993,600,447,20,161,535,422,78,0.25023430178069356,0.007497656982193065,0.15089034676663543,0.9306466729147141,0.5623242736644799,0.39550140581068416,-1.068794192311296
BUIKWE,BUIKWE COUNTY,NAJJA,TUKULU,6467,1591,4.064739157762413,611,301,23,318,1273,593,920,78,146,749,550,61,0.1891891891891892,0.014456316781898177,0.0917661847894406,0.8001257071024512,0.3727215587680704,0.34569453174104336,-1.4381570067698106
BUIKWE,BUIKWE COUNTY,NGOGWE,DUNGI,9902,2547,3.8877110325873576,1384,791,46,308,2239,1279,1213,55,937,725,678,83,0.3105614448370632,0.018060463290145268,0.3678837848449156,0.8790734197094621,0.5021594032194739,0.2661955241460542,-0.7333105372365878
BUIKWE,BUIKWE COUNTY,NGOGWE,KIKWAYI,4787,1227,3.9013854930725347,627,334,14,94,1133,567,644,16,311,404,353,67,0.2722086389568052,0.011409942950285249,0.2534637326813366,0.9233903830480847,0.4621026894865526,0.28769356153219233,-0.9158192075994976
BUIKWE,BUIKWE COUNTY,NGOGWE,KIRINGO,7589,1923,3.9464378575143004,869,403,23,310,1613,727,1088,108,298,850,642,53,0.20956838273530942,0.011960478419136765,0.15496619864794592,0.8387935517420697,0.3780551222048882,0.3338533541341654,-1.314795482471841
BUIKWE,BUIKWE COUNTY,NGOGWE,LUBONGO,5329,1313,4.058644325971058,738,390,35,383,930,661,634,18,234,554,497,83,0.297029702970297,0.026656511805026657,0.1782178217821782,0.7083015993907082,0.5034272658035034,0.37852246763137853,-1.1983065605315142
BUIKWE,BUIKWE COUNTY,NGOGWE,NAMULESA,10033,2463,4.073487616727568,1423,931,61,332,2131,1538,905,20,973,828,741,64,0.37799431587494925,0.02476654486398701,0.3950466910272026,0.8652050345107593,0.6244417377182298,0.30085261875761266,-0.5371372144739703
BUIKWE,BUIKWE COUNTY,NGOGWE,NDOLWA,5547,1378,4.0253991291727145,738,422,33,253,1125,872,480,26,449,466,501,70,0.3062409288824383,0.023947750362844702,0.32583454281567487,0.816400580551524,0.6328011611030478,0.3635703918722787,-0.8120627386798996
BUIKWE,BUIKWE COUNTY,NKOKONJERU TOWN COUNCIL,BUKASA WARD,6919,1991,3.4751381215469612,859,905,67,217,1774,1523,465,3,1402,222,199,48,0.45454545454545453,0.03365143144148669,0.7041687594173782,0.8910095429432446,0.7649422400803616,0.09994977398292315,0.31237188610280914
BUIKWE,BUIKWE COUNTY,NKOKONJERU TOWN COUNCIL,MULAJJE WARD,3360,937,3.5859124866595518,426,306,12,88,849,543,378,16,338,263,217,67,0.3265741728922092,0.012806830309498399,0.3607257203842049,0.9060832443970117,0.5795090715048026,0.23159018143009605,-0.5522885662571535
BUIKWE,BUIKWE COUNTY,NKOKONJERU TOWN COUNCIL,NKOKONJERU WARD,3464,1038,3.3371868978805397,437,374,41,200,838,479,551,8,556,238,303,66,0.3603082851637765,0.0394990366088632,0.535645472061657,0.8073217726396917,0.4614643545279383,0.29190751445086704,-0.6722426122921902
BUIKWE,BUIKWE COUNTY,SSI,BBINGA,2862,721,3.969486823855756,390,169,7,306,415,305,406,10,51,367,224,64,0.23439667128987518,0.009708737864077669,0.07073509015256588,0.5755894590846047,0.42302357836338417,0.3106796116504854,-1.4907368486939907
BUIKWE,BUIKWE COUNTY,SSI,KIMERA,2084,520,4.007692307692308,261,107,9,159,361,154,351,15,57,237,185,78,0.20576923076923076,0.01730769230769231,0.10961538461538461,0.6942307692307692,0.29615384615384616,0.3557692307692308,-1.6069823694606742
BUIKWE,BUIKWE COUNTY,SSI,KOBA,7515,2277,3.300395256916996,773,692,47,498,1779,1310,476,491,694,823,434,86,0.3039086517347387,0.020641194554238032,0.30478700043917434,0.7812911725955204,0.575318401405358,0.19060166886253843,-0.6514649721863046
BUIKWE,BUIKWE COUNTY,SSI,LUGALA,5389,1401,3.846538187009279,697,365,27,279,1122,583,781,37,230,582,304,76,0.2605281941470378,0.019271948608137045,0.16416845110635261,0.8008565310492506,0.4161313347608851,0.21698786581013563,-1.0235337628829106
BUIKWE,BUIKWE COUNTY,SSI,LUGOBA,3977,1433,2.7752965806001395,554,248,19,494,939,756,439,238,3,757,398,57,0.17306350314026517,0.013258897418004187,0.00209351011863224,0.6552686671318911,0.5275645498953245,0.2777390090718772,-1.3488589517428018
BUIKWE,BUIKWE COUNTY,SSI,MUVO,1994,616,3.237012987012987,188,84,5,140,476,142,401,73,2,240,222,58,0.13636363636363635,0.008116883116883116,0.003246753246753247,0.7727272727272727,0.2305194805194805,0.36038961038961037,-1.8003344436715378
BUIKWE,BUIKWE COUNTY,SSI,NAMUKUMA,3791,1011,3.7497527200791296,424,218,9,174,837,493,475,43,146,392,381,59,0.21562809099901087,0.008902077151335312,0.1444114737883284,0.827893175074184,0.4876360039564787,0.3768545994065282,-1.267390774920364
BUIKWE,BUIKWE COUNTY,SSI,ZITWE,4027,1081,3.725254394079556,445,193,11,148,933,658,387,36,96,459,353,80,0.17853839037927843,0.010175763182238668,0.08880666049953746,0.8630897317298798,0.6086956521739131,0.3265494912118409,-1.083041774949408
BUIKWE,LUGAZI MUNICIPALITY,CENTRAL DIVISION,KABOWA WARD,2472,674,3.6676557863501484,240,433,89,79,595,519,154,1,587,24,28,67,0.642433234421365,0.13204747774480713,0.870919881305638,0.8827893175074184,0.7700296735905044,0.04154302670623145,0.9625208650972891
BUIKWE,LUGAZI MUNICIPALITY,CENTRAL DIVISION,KAWOTTO WARD,2600,740,3.5135135135135136,239,272,45,160,580,573,167,0,409,170,52,59,0.3675675675675676,0.060810810810810814,0.5527027027027027,0.7837837837837838,0.7743243243243243,0.07027027027027027,0.12534562043255154
BUIKWE,LUGAZI MUNICIPALITY,CENTRAL DIVISION,KIKAWULA WARD,8854,2882,3.0721721027064537,1101,1815,172,342,2540,2267,614,1,2453,155,66,54,0.6297709923664122,0.05968077723802915,0.851145038167939,0.8813324080499653,0.7866065232477446,0.022900763358778626,0.8286411331540473
BUIKWE,LUGAZI MUNICIPALITY,CENTRAL DIVISION,NAKAZADDE WARD,12568,4225,2.9746745562130177,1658,2291,173,916,3309,3099,1117,9,3668,78,162,57,0.5422485207100591,0.040946745562130175,0.8681656804733728,0.7831952662721894,0.733491124260355,0.03834319526627219,0.5111641546979736
BUIKWE,LUGAZI MUNICIPALITY,CENTRAL DIVISION,NAMENGO WARD,11182,3310,3.3782477341389727,1241,1889,138,680,2630,2662,639,9,2853,146,115,58,0.5706948640483384,0.04169184290030212,0.8619335347432024,0.7945619335347432,0.8042296072507553,0.03474320241691843,0.647178935158447
BUIKWE,LUGAZI MUNICIPALITY,KAWOLO DIVISION,BIBBO WARD,5937,1489,3.987239758226998,711,472,54,281,1208,694,780,15,322,615,469,68,0.3169912693082606,0.03626595030221625,0.216252518468771,0.8112827400940228,0.46608462055070515,0.3149764942914708,-0.974358067213729
BUIKWE,LUGAZI MUNICIPALITY,KAWOLO DIVISION,BULYANTEETE WARD,6126,1554,3.942084942084942,760,757,87,218,1336,1113,431,10,907,355,224,76,0.4871299871299871,0.055984555984555984,0.5836550836550837,0.8597168597168597,0.7162162162162162,0.14414414414414414,0.15852658537522799
BUIKWE,LUGAZI MUNICIPALITY,KAWOLO DIVISION,BUSAABAGA WARD,2942,671,4.384500745156483,316,155,11,72,599,300,365,6,111,288,239,12,0.23099850968703428,0.01639344262295082,0.16542473919523099,0.8926974664679582,0.44709388971684055,0.3561847988077496,-1.1748885525118817
BUIKWE,LUGAZI MUNICIPALITY,KAWOLO DIVISION,BUTININDI WARD,12175,3529,3.4499858316803627,1451,1671,171,385,3144,2967,539,23,2259,589,189,87,0.4735052422782658,0.04845565315953528,0.6401246812128082,0.8909039387928591,0.840748087276849,0.053556248228960046,0.4951610682235744
BUIKWE,LUGAZI MUNICIPALITY,KAWOLO DIVISION,KIGENDA WARD,5042,1312,3.8429878048780486,642,316,65,310,1002,783,500,29,204,573,412,43,0.24085365853658536,0.04954268292682927,0.15548780487804878,0.7637195121951219,0.5967987804878049,0.31402439024390244,-0.9614745983684577
BUIKWE,LUGAZI MUNICIPALITY,KAWOLO DIVISION,KITEZA WARD,12684,3402,3.728395061728395,1527,1131,88,543,2859,2048,1316,38,1293,1110,567,56,0.3324514991181658,0.02586713697824809,0.3800705467372134,0.8403880070546738,0.6019988242210464,0.16666666666666666,-0.42846478096631535
BUIKWE,LUGAZI MUNICIPALITY,KAWOLO DIVISION,LUWAYO WARD,5776,1435,4.025087108013937,611,273,16,131,1304,686,698,51,119,575,583,80,0.1902439024390244,0.011149825783972125,0.08292682926829269,0.9087108013937282,0.47804878048780486,0.4062717770034843,-1.3219886487044394
BUIKWE,LUGAZI MUNICIPALITY,KAWOLO DIVISION,SAGAZI WARD,1776,464,3.8275862068965516,235,220,28,43,421,335,122,7,218,105,67,36,0.47413793103448276,0.0603448275862069,0.4698275862068966,0.9073275862068966,0.7219827586206896,0.14439655172413793,0.12605651682805227
BUIKWE,LUGAZI MUNICIPALITY,NAJJEMBE DIVISION,BUVUNYA WARD,4977,1277,3.8974158183241974,607,236,20,148,1129,666,590,21,145,603,309,59,0.18480814408770557,0.015661707126076743,0.11354737666405638,0.8841033672670321,0.5215348472983555,0.24197337509788566,-0.9947070368725026
BUIKWE,LUGAZI MUNICIPALITY,NAJJEMBE DIVISION,BUWOOLA WARD,2135,545,3.9174311926605503,279,81,3,99,446,180,359,6,1,263,220,81,0.14862385321100918,0.005504587155963303,0.001834862385321101,0.818348623853211,0.3302752293577982,0.4036697247706422,-1.6993128369074728
BUIKWE,LUGAZI MUNICIPALITY,NAJJEMBE DIVISION,KABANGA WARD,7053,1731,4.074523396880416,644,421,39,195,1536,983,738,10,423,628,373,55,0.24321201617562102,0.022530329289428077,0.24436741767764297,0.8873483535528596,0.5678798382437897,0.21548238012709417,-0.716674169498918
BUIKWE,LUGAZI MUNICIPALITY,NAJJEMBE DIVISION,KINONI WARD,3251,816,3.9840686274509802,412,191,7,116,700,400,342,74,82,343,201,51,0.2340686274509804,0.00857843137254902,0.10049019607843138,0.8578431372549019,0.49019607843137253,0.24632352941176472,-1.0272938408401586
BUIKWE,LUGAZI MUNICIPALITY,NAJJEMBE DIVISION,KITIGOMA WARD,6411,1647,3.8925318761384333,899,711,61,204,1443,1095,547,5,847,375,236,75,0.43169398907103823,0.037037037037037035,0.5142683667273831,0.8761384335154827,0.6648451730418944,0.143290831815422,-0.0437021436389481
BUIKWE,LUGAZI MUNICIPALITY,NAJJEMBE DIVISION,KIZIGO WARD,4898,1254,3.905901116427432,556,273,9,122,1132,711,531,12,316,395,339,72,0.21770334928229665,0.007177033492822967,0.25199362041467305,0.9027113237639554,0.5669856459330144,0.2703349282296651,-0.854283926842183
BUIKWE,LUGAZI MUNICIPALITY,NAJJEMBE DIVISION,NSAKYA WARD,9344,2602,3.59108378170638,1213,783,37,329,2273,1367,1223,12,955,731,362,72,0.30092236740968487,0.014219830899308224,0.3670253651037663,0.8735588009223674,0.5253651037663336,0.13912375096079937,-0.5194747145442161
BUIKWE,NJERU MUNICIPALITY,NJERU DIVISION,NJERU EAST WARD,11700,3862,3.029518384256862,1771,1802,490,69,3793,2681,1144,37,2966,170,219,60,0.46659761781460385,0.12687726566545832,0.7679958570688762,0.9821336095287416,0.6941998964267219,0.056706369756602794,0.6372757454104429
BUIKWE,NJERU MUNICIPALITY,NJERU DIVISION,NJERU NORTH WARD,8953,2661,3.364524614806464,1172,1363,365,118,2543,2245,413,3,2121,118,131,51,0.5122134535888764,0.1371664787673807,0.7970687711386697,0.9556557685080797,0.8436677940623826,0.04922961292747088,0.907339091585969
BUIKWE,NJERU MUNICIPALITY,NJERU DIVISION,NJERU SOUTH WARD,22159,5653,3.919865558110738,2536,2051,199,286,5367,3821,1791,41,2612,1355,755,78,0.3628162037856006,0.03520254732000708,0.46205554572793206,0.9494073943039094,0.6759242879886785,0.13355740314877057,-0.07113416388876785
BUIKWE,NJERU MUNICIPALITY,NJERU DIVISION,NJERU WEST WARD,42056,12780,3.2907668231611895,6325,7301,610,938,11842,9616,3147,17,10278,611,592,94,0.571283255086072,0.04773082942097027,0.8042253521126761,0.92660406885759,0.7524256651017215,0.04632237871674491,0.6596799585658208
BUIKWE,NJERU MUNICIPALITY,NYENGA DIVISION,BUZIIKA (B),4273,984,4.342479674796748,410,168,9,102,882,338,625,21,86,519,199,34,0.17073170731707318,0.009146341463414634,0.08739837398373984,0.8963414634146342,0.3434959349593496,0.20223577235772358,-1.1854042637613622
BUIKWE,NJERU MUNICIPALITY,NYENGA DIVISION,KABIZZI,9803,2118,4.628423040604344,995,392,32,233,1885,1076,926,116,11,1445,606,86,0.18508026440037773,0.015108593012275733,0.005193578847969783,0.8899905571293674,0.5080264400377715,0.28611898016997167,-1.1522399564482668
BUIKWE,NJERU MUNICIPALITY,NYENGA DIVISION,NAMABU,13322,3007,4.430329231792484,1294,646,38,468,2539,1148,1742,117,526,1418,1032,50,0.21483205853009643,0.012637179913535085,0.17492517459261722,0.8443631526438311,0.3817758563352178,0.3431992018623212,-1.2994214934126225
BUIKWE,NJERU MUNICIPALITY,NYENGA DIVISION,NYENGA,8718,2302,3.787141615986099,1081,785,86,178,2124,1588,684,30,988,633,349,60,0.341007819287576,0.03735881841876629,0.4291920069504778,0.9226759339704604,0.6898349261511729,0.1516072980017376,-0.1525720813807748
BUIKWE,NJERU MUNICIPALITY,NYENGA DIVISION,SSUNGA,6195,1703,3.6376981796829124,601,375,23,174,1529,948,728,27,498,480,432,66,0.22019964768056371,0.013505578391074574,0.2924251321197886,0.8978273634762184,0.5566647093364651,0.2536699941280094,-0.8001935054417212
BUIKWE,NJERU MUNICIPALITY,NYENGA DIVISION,TONGOLO,16706,3815,4.379030144167759,1540,968,145,623,3192,2130,1395,290,949,1184,1236,71,0.25373525557011795,0.03800786369593709,0.24875491480996068,0.8366972477064221,0.5583224115334207,0.32398427260812585,-0.9056272378271092
BUIKWE,NJERU MUNICIPALITY,WAKISI DIVISION,KALAGALA,6251,1485,4.2094276094276095,674,175,12,155,1330,505,902,78,5,924,517,63,0.11784511784511785,0.00808080808080808,0.003367003367003367,0.8956228956228957,0.3400673400673401,0.34814814814814815,-1.5562655480478174
BUIKWE,NJERU MUNICIPALITY,WAKISI DIVISION,KKONKO,6097,1640,3.7176829268292684,844,276,16,132,1508,835,752,53,144,713,437,66,0.16829268292682928,0.00975609756097561,0.08780487804878048,0.9195121951219513,0.5091463414634146,0.26646341463414636,-1.0686151057234472
BUIKWE,NJERU MUNICIPALITY,WAKISI DIVISION,MALINDI,13617,3762,3.6196172248803826,1390,1204,98,83,3679,2584,1152,26,2052,292,614,67,0.32004253056884635,0.026049973418394472,0.5454545454545454,0.9779372674109517,0.6868686868686869,0.16321105794790006,-0.09799761720031223
BUIKWE,NJERU MUNICIPALITY,WAKISI DIVISION,NAKALANGA,7216,1707,4.22729935559461,608,335,21,199,1508,970,682,55,385,405,688,65,0.19625073227885179,0.012302284710017574,0.2255418863503222,0.8834212067955477,0.5682483889865261,0.4030462800234329,-1.1238654025861174
BUIKWE,NJERU MUNICIPALITY,WAKISI DIVISION,NAMINYA,14483,4396,3.2945859872611467,1921,1834,216,369,4027,2918,1444,34,2869,347,501,73,0.4171974522292994,0.04913557779799818,0.652638762511374,0.9160600545950864,0.6637852593266605,0.11396724294813466,0.14010369942624212
BUIKWE,NJERU MUNICIPALITY,WAKISI DIVISION,WAKISI,7934,1847,4.295614510016242,806,459,29,96,1751,1061,744,42,644,250,576,59,0.24851109907958852,0.01570113697888468,0.3486735246345425,0.9480238224147266,0.5744450460205739,0.3118570655116405,-0.7520794549503415
KAMPALA,KAMPALA CENTRAL DIVISION,KAMPALA CENTRAL DIVISION,BUKESA,8188,3472,2.358294930875576,1088,1713,513,474,2998,2920,550,2,3203,109,35,36,0.4933755760368664,0.14775345622119815,0.9225230414746544,0.863479262672811,0.8410138248847926,0.010080645161290322,0.9680403695967493
KAMPALA,KAMPALA CENTRAL DIVISION,KAMPALA CENTRAL DIVISION,CIVIC CENTRE,1349,686,1.966472303206997,249,379,134,60,626,661,20,5,621,17,13,17,0.5524781341107872,0.19533527696793002,0.9052478134110787,0.9125364431486881,0.9635568513119533,0.018950437317784258,1.3123550471863672
KAMPALA,KAMPALA CENTRAL DIVISION,KAMPALA CENTRAL DIVISION,INDUSTRIAL AREA,3175,1564,2.0300511508951407,440,428,97,110,1454,873,540,151,802,118,120,25,0.27365728900255754,0.062020460358056265,0.5127877237851662,0.9296675191815856,0.5581841432225064,0.07672634271099744,-0.1586997569931901
KAMPALA,KAMPALA CENTRAL DIVISION,KAMPALA CENTRAL DIVISION,KAGUGUBE,5663,2795,2.026118067978533,1040,1297,555,553,2242,2067,689,39,2476,21,82,54,0.46404293381037565,0.19856887298747763,0.8858676207513417,0.8021466905187835,0.7395348837209302,0.02933810375670841,0.8035683771374188
KAMPALA,KAMPALA CENTRAL DIVISION,KAMPALA CENTRAL DIVISION,KAMWOKYA I,1514,804,1.8830845771144278,235,509,232,91,713,724,79,1,781,4,8,18,0.6330845771144279,0.2885572139303483,0.9713930348258707,0.8868159203980099,0.900497512437811,0.009950248756218905,1.569856873770268
KAMPALA,KAMPALA CENTRAL DIVISION,KAMPALA CENTRAL DIVISION,KAMWOKYA II,15236,5692,2.6767392832044976,2146,3220,552,323,5369,4368,1314,10,5197,116,63,81,0.5657062543921293,0.09697821503865074,0.9130358397751229,0.9432536893886156,0.7673928320449754,0.01106816584680253,0.9228439356832143
KAMPALA,KAMPALA CENTRAL DIVISION,KAMPALA CENTRAL DIVISION,KISENYI I,1010,545,1.853211009174312,142,193,46,110,435,449,81,15,454,3,5,20,0.3541284403669725,0.08440366972477065,0.8330275229357799,0.7981651376146789,0.8238532110091743,0.009174311926605505,0.5213183372897757
KAMPALA,KAMPALA CENTRAL DIVISION,KAMPALA CENTRAL DIVISION,KISENYI II,3390,1354,2.503692762186115,271,465,70,204,1150,1130,218,6,1262,7,28,19,0.3434268833087149,0.051698670605613,0.9320531757754801,0.8493353028064993,0.8345642540620384,0.0206794682422452,0.5445415210709608
KAMPALA,KAMPALA CENTRAL DIVISION,KAMPALA CENTRAL DIVISION,KISENYI III,4156,1570,2.6471337579617833,482,686,89,224,1346,1152,411,7,1408,14,23,32,0.4369426751592357,0.056687898089171976,0.8968152866242038,0.8573248407643312,0.7337579617834394,0.01464968152866242,0.5407875436946318
KAMPALA,KAMPALA CENTRAL DIVISION,KAMPALA CENTRAL DIVISION,KOLOLO I,1907,849,2.2461719670200235,220,517,342,48,801,818,29,2,819,6,6,25,0.6089517078916372,0.4028268551236749,0.9646643109540636,0.9434628975265018,0.9634864546525324,0.007067137809187279,1.914235699241691
KAMPALA,KAMPALA CENTRAL DIVISION,KAMPALA CENTRAL DIVISION,KOLOLO II,853,401,2.1271820448877805,124,258,189,53,348,385,16,0,368,12,1,6,0.6433915211970075,0.4713216957605985,0.9177057356608479,0.8678304239401496,0.9600997506234414,0.0024937655860349127,2.006968789218394
KAMPALA,KAMPALA CENTRAL DIVISION,KAMPALA CENTRAL DIVISION,KOLOLO III,1078,392,2.75,124,211,140,29,363,379,13,0,379,2,2,22,0.5382653061224489,0.35714285714285715,0.9668367346938775,0.9260204081632653,0.9668367346938775,0.00510204081632653,1.7218033338019927
KAMPALA,KAMPALA CENTRAL DIVISION,KAMPALA CENTRAL DIVISION,KOLOLO IV,1138,487,2.3367556468172483,154,312,179,20,467,450,36,1,463,6,7,12,0.6406570841889117,0.3675564681724846,0.9507186858316222,0.9589322381930184,0.9240246406570842,0.014373716632443531,1.8220106048704334
KAMPALA,KAMPALA CENTRAL DIVISION,KAMPALA CENTRAL DIVISION,MENGO,10543,4547,2.318671651638443,1081,1854,450,416,4131,3895,640,12,4234,52,51,44,0.4077413679349021,0.09896635144051022,0.9311634044424896,0.9085111062238839,0.8566087530239719,0.011216186496591158,0.8215498558160798
KAMPALA,KAMPALA CENTRAL DIVISION,KAMPALA CENTRAL DIVISION,NAKASERO I,1018,604,1.685430463576159,271,367,124,22,582,553,48,3,430,77,3,41,0.6076158940397351,0.2052980132450331,0.7119205298013245,0.9635761589403974,0.9155629139072847,0.004966887417218543,1.2839284536851958
KAMPALA,KAMPALA CENTRAL DIVISION,KAMPALA CENTRAL DIVISION,NAKASERO II,1739,771,2.2555123216601816,273,431,214,51,720,722,47,2,736,6,5,23,0.5590142671854734,0.2775616083009079,0.9546044098573282,0.933852140077821,0.9364461738002594,0.00648508430609598,1.536248039037219
KAMPALA,KAMPALA CENTRAL DIVISION,KAMPALA CENTRAL DIVISION,NAKASERO III,1481,659,2.2473444613050075,199,387,208,140,519,621,29,9,573,13,5,16,0.5872534142640364,0.3156297420333839,0.8694992412746586,0.787556904400607,0.9423368740515933,0.007587253414264037,1.4683800234878925
KAMPALA,KAMPALA CENTRAL DIVISION,KAMPALA CENTRAL DIVISION,NAKASERO IV,1453,684,2.124269005847953,151,394,221,103,581,665,19,0,634,30,1,9,0.5760233918128655,0.3230994152046784,0.9269005847953217,0.8494152046783626,0.9722222222222222,0.0014619883040935672,1.6119409276562218
KAMPALA,KAMPALA CENTRAL DIVISION,KAMPALA CENTRAL DIVISION,NAKIVUBO,647,356,1.8174157303370786,114,193,58,162,194,334,21,1,345,2,1,10,0.5421348314606742,0.16292134831460675,0.9691011235955056,0.5449438202247191,0.9382022471910112,0.0028089887640449437,0.9335674567066181
KAMPALA,KAMPALA CENTRAL DIVISION,KAMPALA CENTRAL DIVISION,OLD KAMPALA,3127,1170,2.6726495726495725,274,725,269,352,818,1128,39,3,1093,6,9,12,0.6196581196581197,0.2299145299145299,0.9341880341880342,0.6991452991452991,0.9641025641025641,0.007692307692307693,1.313974862341083
KAMPALA,KAWEMPE DIVISION,KAWEMPE DIVISION,BWAISE I,16441,6345,2.5911741528762806,2623,3896,466,406,5939,4698,1632,15,5793,115,94,90,0.614026792750197,0.07344365642237982,0.9130023640661938,0.9360126083530339,0.7404255319148936,0.014814814814814815,0.8862012370950237
KAMPALA,KAWEMPE DIVISION,KAWEMPE DIVISION,BWAISE II,15190,5371,2.8281511822751817,2311,3370,414,314,5057,3978,1383,10,4866,135,55,63,0.6274436790169429,0.07708061813442561,0.9059765406814374,0.9415378886613294,0.7406442003351331,0.010240178737665239,0.918821529328642
KAMPALA,KAWEMPE DIVISION,KAWEMPE DIVISION,BWAISE III,7153,2897,2.469105971694857,982,1486,170,91,2806,2222,666,9,2497,87,39,53,0.5129444252675182,0.058681394546082156,0.8619261304798067,0.968588194684156,0.7670003451846737,0.013462202278218847,0.7600649644845712
KAMPALA,KAWEMPE DIVISION,KAWEMPE DIVISION,KANYANYA,23731,7086,3.348998024273215,3451,5119,962,741,6345,5699,1371,16,6739,32,99,52,0.7224103866779565,0.13576065481230595,0.9510302003951454,0.8954276037256562,0.8042619249223821,0.01397121083827265,1.2221892419330314
KAMPALA,KAWEMPE DIVISION,KAWEMPE DIVISION,KAWEMPE I,33136,10733,3.087300847852418,4670,7536,1071,316,10417,7895,2817,21,10115,55,89,64,0.7021336066337464,0.09978570763067177,0.9424205720674556,0.970558091866207,0.7355818503680238,0.008292182987049286,1.1075973689942464
KAMPALA,KAWEMPE DIVISION,KAWEMPE DIVISION,KAWEMPE II,23446,7231,3.2424284331351125,3264,4835,951,352,6879,5382,1831,18,6474,267,85,54,0.6686488729083114,0.13151707924215184,0.8953118517494123,0.9513207025307703,0.7442953948278247,0.011754943991149219,1.0902591832236648
KAMPALA,KAWEMPE DIVISION,KAWEMPE DIVISION,KAZO-ANGOLA,19786,6999,2.826975282183169,2970,4295,446,429,6570,5630,1366,3,6178,88,82,53,0.613659094156308,0.06372338905557937,0.8826975282183169,0.9387055293613373,0.8044006286612373,0.011715959422774681,0.931057215453859
KAMPALA,KAWEMPE DIVISION,KAWEMPE DIVISION,KIKAYA,29337,8933,3.284115078920855,3910,6355,2418,430,8503,8087,839,7,8502,140,133,86,0.7114071420575394,0.2706817418560394,0.951751931042203,0.9518638755177432,0.9052949736930482,0.014888615246837569,1.6723345643867313
KAMPALA,KAWEMPE DIVISION,KAWEMPE DIVISION,KOMAMBOGA,15932,4791,3.3254017950323522,2037,3531,1132,202,4589,4301,483,7,4570,32,69,42,0.7370068879148404,0.23627635149238155,0.9538718430390315,0.957837612189522,0.8977249008557713,0.014402003757044458,1.628633666893087
KAMPALA,KAWEMPE DIVISION,KAWEMPE DIVISION,KYEBANDO,36750,11361,3.234750462107209,4845,7504,1589,404,10957,9560,1786,15,10743,151,127,91,0.6605052372150338,0.1398644485520641,0.9456033799841563,0.9644397500220051,0.8414752222515623,0.011178593433676613,1.26399956704488
KAMPALA,KAWEMPE DIVISION,KAWEMPE DIVISION,MAKERERE I,6833,3010,2.2700996677740863,1058,1560,647,251,2759,2575,426,9,2682,132,66,50,0.5182724252491694,0.2149501661129568,0.891029900332226,0.9166112956810631,0.8554817275747508,0.021926910299003323,1.1683888433171197
KAMPALA,KAWEMPE DIVISION,KAWEMPE DIVISION,MAKERERE II,11675,4695,2.4866879659211927,1690,2488,1180,512,4183,4034,653,8,4357,33,109,75,0.5299254526091587,0.25133120340788073,0.9280085197018104,0.8909478168264111,0.8592119275825346,0.02321618743343983,1.2644685946346679
KAMPALA,KAWEMPE DIVISION,KAWEMPE DIVISION,MAKERERE III,10629,3761,2.8261100771071526,1607,2176,266,96,3665,2322,1420,19,3384,124,49,52,0.5785695293804839,0.07072587077904813,0.8997607019409731,0.9744748737038021,0.6173889922892848,0.01302844988035097,0.7142846209991062
KAMPALA,KAWEMPE DIVISION,KAWEMPE DIVISION,MPERERWE,7808,2739,2.850675428988682,1111,2010,406,111,2628,2299,437,3,2621,17,19,60,0.7338444687842278,0.14822928075940126,0.9569185834246076,0.9594742606790799,0.8393574297188755,0.006936838262139467,1.3801443973636784
KAMPALA,KAWEMPE DIVISION,KAWEMPE DIVISION,MUK - MULUKA I,1013,404,2.507425742574257,223,234,158,26,378,335,67,2,358,27,3,11,0.5792079207920792,0.3910891089108911,0.8861386138613861,0.9356435643564357,0.8292079207920792,0.007425742574257425,1.6270902624084003
KAMPALA,KAWEMPE DIVISION,KAWEMPE DIVISION,MUK - MULUKA II,1017,356,2.856741573033708,197,245,173,14,342,324,32,0,336,7,3,11,0.6882022471910112,0.4859550561797753,0.9438202247191011,0.9606741573033708,0.9101123595505618,0.008426966292134831,2.1243313249828764
KAMPALA,KAWEMPE DIVISION,KAWEMPE DIVISION,MUK - MULUKA III,183,62,2.9516129032258065,27,40,19,2,60,55,7,0,55,2,0,7,0.6451612903225806,0.3064516129032258,0.8870967741935484,0.967741935483871,0.8870967741935484,0.0,1.640759555727342
KAMPALA,KAWEMPE DIVISION,KAWEMPE DIVISION,MUK - MULUKA IV,764,276,2.7681159420289854,170,191,94,16,260,261,15,0,260,8,2,23,0.6920289855072463,0.34057971014492755,0.9420289855072463,0.9420289855072463,0.9456521739130435,0.007246376811594203,1.8450586486494585
KAMPALA,KAWEMPE DIVISION,KAWEMPE DIVISION,MULAGO I,5502,1925,2.8581818181818184,830,1159,523,136,1789,1674,243,8,1741,34,31,73,0.6020779220779221,0.2716883116883117,0.9044155844155845,0.9293506493506494,0.8696103896103896,0.016103896103896103,1.4412582895375325
KAMPALA,KAWEMPE DIVISION,KAWEMPE DIVISION,MULAGO II,10212,4288,2.3815298507462686,1809,2558,620,263,4025,3405,873,10,3807,141,74,82,0.5965485074626866,0.14458955223880596,0.8878264925373134,0.9386660447761194,0.7940764925373134,0.017257462686567165,1.0646428214972337
KAMPALA,KAWEMPE DIVISION,KAWEMPE DIVISION,MULAGO III,17490,6441,2.7154168607359104,2601,3565,836,375,6066,4568,1831,42,5861,78,107,93,0.5534854836205558,0.12979351032448377,0.9099518708275113,0.9417792268281323,0.7092066449309113,0.016612327278372925,0.8938491141202446
KAMPALA,KAWEMPE DIVISION,KAWEMPE DIVISION,WANDEGEYA,6635,2615,2.537284894837476,889,1127,227,318,2297,1959,540,116,1821,125,95,74,0.4309751434034417,0.08680688336520076,0.6963671128107075,0.8783938814531549,0.7491395793499044,0.036328871892925434,0.4666488315886083
KAMPALA,MAKINDYE DIVISION,MAKINDYE DIVISION,BUKASA,8162,2467,3.3084718281313337,991,1643,644,318,2149,2128,327,12,2322,20,31,8,0.6659910822861775,0.26104580462099714,0.9412241588974463,0.8710985002026753,0.8625861370085124,0.01256586947709769,1.4662568478268043
KAMPALA,MAKINDYE DIVISION,MAKINDYE DIVISION,BUZIGA,17808,5111,3.4842496576012523,2111,3628,1381,458,4653,4790,301,20,4784,74,69,76,0.709841518293876,0.27020152612013304,0.9360203482684406,0.9103893562903541,0.9371942868323224,0.01350029348464097,1.6626953989464228
KAMPALA,MAKINDYE DIVISION,MAKINDYE DIVISION,GGABA,24995,8777,2.8477839808590635,3058,5618,1628,582,8195,8219,510,48,8069,212,131,82,0.6400820325851658,0.18548478979150052,0.9193346245869887,0.9336903269909992,0.936424746496525,0.014925373134328358,1.4016067297306911
KAMPALA,MAKINDYE DIVISION,MAKINDYE DIVISION,KABALAGALA,12920,4915,2.6286876907426246,1899,2604,630,457,4458,4339,559,17,4539,31,70,65,0.5298067141403866,0.12817904374364192,0.923499491353001,0.9070193285859613,0.8828077314343845,0.014242115971515769,1.0559786576932368
KAMPALA,MAKINDYE DIVISION,MAKINDYE DIVISION,KANSANGA,24548,11086,2.214324373083168,3081,5494,2139,1747,9339,10102,976,8,10491,153,150,101,0.4955800108244633,0.19294605809128632,0.9463287028684828,0.8424138553130074,0.9112394010463648,0.013530579108785856,1.144950709491489
KAMPALA,MAKINDYE DIVISION,MAKINDYE DIVISION,KATWE I,5766,2076,2.777456647398844,653,934,125,136,1940,1748,322,6,1867,23,22,45,0.44990366088631983,0.06021194605009634,0.899325626204239,0.9344894026974951,0.8420038535645472,0.010597302504816955,0.7762052849744794
KAMPALA,MAKINDYE DIVISION,MAKINDYE DIVISION,KATWE II,13802,4926,2.801867641088104,1603,2341,275,444,4482,3775,1056,95,4022,55,168,85,0.475233455136013,0.0558262281770199,0.8164839626471783,0.9098660170523751,0.7663418595209095,0.0341047503045067,0.5884817608759938
KAMPALA,MAKINDYE DIVISION,MAKINDYE DIVISION,KIBULI,20491,6960,2.944109195402299,3025,4141,912,389,6571,5436,1515,9,6320,77,151,107,0.5949712643678161,0.1310344827586207,0.9080459770114943,0.9441091954022989,0.7810344827586206,0.021695402298850575,1.0286375766638305
KAMPALA,MAKINDYE DIVISION,MAKINDYE DIVISION,KIBUYE I,22200,7873,2.8197637495236885,3211,4606,467,381,7492,5782,2078,13,7178,98,89,74,0.5850374698336085,0.0593166518480884,0.9117236123459926,0.9516067572716881,0.7344087387272958,0.01130445827511749,0.8318205027925064
KAMPALA,MAKINDYE DIVISION,MAKINDYE DIVISION,KIBUYE II,6349,2968,2.1391509433962264,1203,1619,278,137,2831,2708,257,3,2752,30,16,53,0.5454851752021563,0.09366576819407008,0.9272237196765498,0.9538409703504043,0.9123989218328841,0.005390835579514825,1.0976324300917446
KAMPALA,MAKINDYE DIVISION,MAKINDYE DIVISION,KISUGU,17373,6174,2.813896987366375,2556,3592,999,463,5711,4483,1555,136,5332,226,130,70,0.5817946226109492,0.1618075801749271,0.8636216391318432,0.9250080984774862,0.7261094914156139,0.02105604146420473,0.9648075034623611
KAMPALA,MAKINDYE DIVISION,MAKINDYE DIVISION,LUKULI,32594,11027,2.9558356760678337,3584,7119,1683,958,10069,10206,808,13,10071,179,140,64,0.6455971705813004,0.15262537408179921,0.9133037090777183,0.913122336084157,0.9255463861431033,0.01269610954928811,1.305598191349241
KAMPALA,MAKINDYE DIVISION,MAKINDYE DIVISION,LUWAFU,20325,7025,2.893238434163701,3015,4978,1089,374,6651,6269,724,32,6641,90,65,63,0.7086120996441281,0.15501779359430606,0.9453380782918149,0.9467615658362989,0.8923843416370106,0.009252669039145907,1.4055772560171909
KAMPALA,MAKINDYE DIVISION,MAKINDYE DIVISION,MAKINDYE I,19167,7139,2.684829808096372,3148,4747,833,489,6650,5894,1223,22,6635,88,60,52,0.664939067096232,0.11668300882476537,0.9294018770135873,0.9315030116262782,0.8256058271466592,0.008404538450763412,1.164128064972092
KAMPALA,MAKINDYE DIVISION,MAKINDYE DIVISION,MAKINDYE II,15080,5406,2.7894931557528673,2496,3609,716,431,4975,4388,1003,15,4922,191,72,51,0.667591564927858,0.1324454310025897,0.9104698483166852,0.9202737698853126,0.8116907140214576,0.013318534961154272,1.1530862691276529
KAMPALA,MAKINDYE DIVISION,MAKINDYE DIVISION,MUYENGA,8229,2445,3.365644171779141,767,1735,932,376,2069,2368,74,3,2271,66,15,16,0.7096114519427403,0.38118609406952964,0.9288343558282208,0.8462167689161554,0.9685071574642127,0.006134969325153374,1.8878002531283877
KAMPALA,MAKINDYE DIVISION,MAKINDYE DIVISION,NAMUWONGO,17918,5703,3.141855163948799,1907,2656,530,829,4874,3385,1768,550,4390,128,294,24,0.4657197965982816,0.09293354374890408,0.7697702963352622,0.8546379098719972,0.5935472558302648,0.051551814834297736,0.33329195400560907
KAMPALA,MAKINDYE DIVISION,MAKINDYE DIVISION,NSAMBYA CENTRAL,34221,10973,3.1186548801603937,4449,6423,1344,810,10163,9299,1661,13,9980,266,124,95,0.58534584890185,0.12248245693976123,0.909505149002096,0.9261824478264832,0.8474437255080652,0.011300464777180351,1.0820186845964883
KAMPALA,MAKINDYE DIVISION,MAKINDYE DIVISION,NSAMBYA ESTATE,592,161,3.6770186335403725,49,126,61,13,148,161,0,0,150,8,0,8,0.782608695652174,0.37888198757763975,0.9316770186335404,0.9192546583850931,1.0,0.0,2.0905259415078574
KAMPALA,MAKINDYE DIVISION,MAKINDYE DIVISION,NSAMBYA POLICE BARRACKS,54858,20258,2.7079672228255505,9726,11349,2593,439,19819,18186,2043,29,17703,856,557,272,0.560223121729687,0.12799881528285123,0.873876986869385,0.9783295488202192,0.8977194194885971,0.02749531049461941,1.12146682985043
KAMPALA,MAKINDYE DIVISION,MAKINDYE DIVISION,NSAMBYA RAILWAYS,512,263,1.946768060836502,88,107,9,87,176,243,14,6,196,20,22,11,0.4068441064638783,0.034220532319391636,0.7452471482889734,0.6692015209125475,0.9239543726235742,0.08365019011406843,0.3026781688880644
KAMPALA,MAKINDYE DIVISION,MAKINDYE DIVISION,SALAAMA,34182,11535,2.96332899869961,4974,7889,1903,537,10998,10157,1343,35,10562,349,120,72,0.6839185088859991,0.16497615951452102,0.9156480277416559,0.953446033810143,0.8805374945817078,0.010403120936280884,1.3661950838246846
KAMPALA,MAKINDYE DIVISION,MAKINDYE DIVISION,WABIGALO,13796,4537,3.040775843068107,1915,2798,610,306,4231,3647,858,32,4215,20,81,80,0.6167070751597972,0.1344500771434869,0.9290279920652413,0.9325545514657263,0.8038351333480274,0.017853206964954817,1.1007370966608931
KAMPALA,NAKAWA DIVISION,NAKAWA DIVISION,BANDA,26813,12185,2.2004924086992204,4726,5192,2868,726,11459,10377,1645,163,11569,57,390,166,0.4260976610586787,0.2353713582273287,0.9494460402133771,0.9404185473943373,0.8516208453016003,0.03200656544932294,1.1371247580523678
KAMPALA,NAKAWA DIVISION,NAKAWA DIVISION,BUGOLOOBI,6780,2641,2.567209390382431,827,1612,1057,402,2239,2184,329,128,2251,46,102,46,0.6103748580083301,0.40022718667171525,0.8523286633850814,0.8477849299507763,0.8269594850435441,0.03862173419159409,1.528191028905378
KAMPALA,NAKAWA DIVISION,NAKAWA DIVISION,BUKOTO I,22028,7117,3.0951243501475343,2983,4673,1748,472,6645,5968,1145,4,6787,38,66,74,0.6565968807081636,0.24560910495995503,0.9536321483771252,0.9336799213151609,0.8385555711676268,0.00927357032457496,1.4626793699833645
KAMPALA,NAKAWA DIVISION,NAKAWA DIVISION,BUKOTO II,22089,7264,3.040886563876652,2987,4859,2102,315,6949,6480,776,8,6623,142,102,65,0.6689151982378855,0.28937224669603523,0.9117566079295154,0.956635462555066,0.8920704845814978,0.014041850220264317,1.6226586654824138
KAMPALA,NAKAWA DIVISION,NAKAWA DIVISION,BUTABIKA,28158,8575,3.283731778425656,3911,5662,1378,303,8272,7091,1461,23,7919,100,107,102,0.6602915451895044,0.1606997084548105,0.9234985422740525,0.96466472303207,0.8269387755102041,0.012478134110787171,1.2738351015858598
KAMPALA,NAKAWA DIVISION,NAKAWA DIVISION,ITEK,961,549,1.7504553734061932,130,130,185,12,537,528,21,0,512,4,9,39,0.23679417122040072,0.33697632058287796,0.9326047358834244,0.9781420765027322,0.9617486338797814,0.01639344262295082,1.3051168905019335
KAMPALA,NAKAWA DIVISION,NAKAWA DIVISION,KISWA,3296,1597,2.06386975579211,583,764,469,316,1281,1380,216,1,1362,68,45,52,0.47839699436443334,0.2936756418284283,0.8528490920475892,0.802128991859737,0.8641202254226675,0.028177833437695678,1.1583605016095337
KAMPALA,NAKAWA DIVISION,NAKAWA DIVISION,KIWATULE,19236,6013,3.19906868451688,2351,4177,2089,379,5634,5399,601,13,5640,107,81,57,0.6946615666056877,0.34741393647097957,0.9379677365707634,0.9369698985531348,0.897887909529353,0.013470813237984366,1.7865508590473902
KAMPALA,NAKAWA DIVISION,NAKAWA DIVISION,KYAMBOGO,1820,835,2.179640718562874,331,461,340,25,810,771,60,4,807,7,10,40,0.5520958083832336,0.40718562874251496,0.9664670658682635,0.9700598802395209,0.9233532934131736,0.011976047904191617,1.821088881356686
KAMPALA,NAKAWA DIVISION,NAKAWA DIVISION,KYANJA,33504,11251,2.977868633899209,4627,7825,3869,791,10460,10180,1050,21,10120,263,159,106,0.6954937338903209,0.34388054395164874,0.8994756021686962,0.9296951382099369,0.9048084614700915,0.014132077148697894,1.7551868158736648
KAMPALA,NAKAWA DIVISION,NAKAWA DIVISION,LUZIRA,16828,5630,2.98898756660746,2604,3549,1279,258,5372,4705,897,28,5136,72,74,62,0.6303730017761989,0.22717584369449378,0.9122557726465365,0.9541740674955596,0.8357015985790408,0.013143872113676732,1.3719031904869208
KAMPALA,NAKAWA DIVISION,NAKAWA DIVISION,LUZIRA PRISONS,34858,12469,2.795573021092309,6562,7786,1470,468,12001,10346,2084,39,10124,1413,467,265,0.6244285828855561,0.11789237308525143,0.8119335953163846,0.9624669179565322,0.8297377496190552,0.03745288315021253,1.023435189254335
KAMPALA,NAKAWA DIVISION,NAKAWA DIVISION,MBUYA I,21495,7765,2.768190598840953,3320,4465,1161,410,7355,6189,1514,62,7104,126,126,90,0.5750160978750805,0.14951706374758533,0.9148744365743722,0.9471989697359948,0.7970379909851899,0.01622665808113329,1.0796753420926115
KAMPALA,NAKAWA DIVISION,NAKAWA DIVISION,MBUYA II,48913,16530,2.9590441621294614,7073,7918,2301,758,15772,12928,3537,65,12285,1732,621,221,0.4790078644888082,0.13920145190562613,0.7431941923774955,0.9541439806412583,0.7820931639443436,0.03756805807622505,0.7769827231491693
KAMPALA,NAKAWA DIVISION,NAKAWA DIVISION,MUTUNGO,60115,19408,3.0974340478153337,8911,13666,4221,638,18770,15819,3544,45,18308,226,210,128,0.7041426215993405,0.2174876339653751,0.9433223413025557,0.9671269579554823,0.8150762572135202,0.010820280296784831,1.4533941271628523
KAMPALA,NAKAWA DIVISION,NAKAWA DIVISION,NABISUNSA,841,378,2.2248677248677247,193,234,112,15,363,342,36,0,373,3,4,39,0.6190476190476191,0.2962962962962963,0.9867724867724867,0.9603174603174603,0.9047619047619048,0.010582010582010581,1.650410985354349
KAMPALA,NAKAWA DIVISION,NAKAWA DIVISION,NAGURU I,513,195,2.6307692307692307,101,118,28,9,186,143,49,3,162,4,2,6,0.6051282051282051,0.14358974358974358,0.8307692307692308,0.9538461538461539,0.7333333333333333,0.010256410256410256,0.985860093739755
KAMPALA,NAKAWA DIVISION,NAKAWA DIVISION,NAGURU II,22374,7368,3.0366449511400653,2933,4162,1728,552,6816,5742,1595,31,6687,113,120,108,0.5648751357220413,0.23452768729641693,0.9075732899022801,0.9250814332247557,0.7793159609120521,0.016286644951140065,1.2023996578206289
KAMPALA,NAKAWA DIVISION,NAKAWA DIVISION,NAKAWA,1850,867,2.1337946943483277,332,375,168,39,828,640,223,4,725,30,24,51,0.43252595155709345,0.19377162629757785,0.8362168396770473,0.9550173010380623,0.7381776239907728,0.02768166089965398,0.8614821909635679
KAMPALA,NAKAWA DIVISION,NAKAWA DIVISION,NAKAWA INSTITUTIONS,256,138,1.855072463768116,53,63,47,21,117,99,39,0,128,4,0,5,0.45652173913043476,0.34057971014492755,0.927536231884058,0.8478260869565217,0.717391304347826,0.0,1.1893729357907634
KAMPALA,NAKAWA DIVISION,NAKAWA DIVISION,NTINDA,7736,2635,2.9358633776091083,1140,1723,1069,263,2372,2450,183,2,2422,49,41,61,0.6538899430740038,0.40569259962049337,0.9191650853889943,0.9001897533206831,0.9297912713472486,0.01555977229601518,1.850763349750851
KAMPALA,NAKAWA DIVISION,NAKAWA DIVISION,UPK,2137,1263,1.6920031670625495,321,196,267,154,1109,712,504,47,685,103,114,52,0.15518606492478226,0.21140142517814728,0.5423594615993665,0.8780680918448139,0.5637371338083927,0.09026128266033254,-0.02815492082561453
KAMPALA,NAKAWA DIVISION,NAKAWA DIVISION,UPPER ESTATE,3935,1342,2.9321907600596124,484,754,393,80,1262,1180,160,2,1165,24,32,43,0.5618479880774963,0.29284649776453053,0.8681073025335321,0.940387481371088,0.879284649776453,0.02384500745156483,1.4217378342422993
KAMPALA,RUBAGA DIVISION,RUBAGA DIVISION,BUSEGA,30915,9346,3.307832227690991,3963,5952,970,461,8885,7993,1343,10,8677,81,142,97,0.6368499893002354,0.10378771667023326,0.9284185747913546,0.9506740851701263,0.8552321848919324,0.015193665739353735,1.1437016659159756
KAMPALA,RUBAGA DIVISION,RUBAGA DIVISION,KABOWA,28713,9898,2.9008890684986866,4056,6294,710,594,9304,8351,1541,6,9040,69,120,56,0.6358860375833502,0.07173166296221459,0.9133158213780562,0.9399878763386543,0.8437057991513437,0.01212366134572641,1.0449531104539116
KAMPALA,RUBAGA DIVISION,RUBAGA DIVISION,KASUBI,43375,16542,2.6221134082940396,7518,11222,1658,912,15630,12579,3947,16,15809,100,190,108,0.6783943900374804,0.10022971829283037,0.9556885503566679,0.9448676097207109,0.7604280014508524,0.011485914641518559,1.089875042599699
KAMPALA,RUBAGA DIVISION,RUBAGA DIVISION,LUBYA,60762,17697,3.4334632988642144,7945,12745,2350,750,16947,14789,2902,6,17058,96,231,117,0.7201785613380799,0.1327908685087868,0.9638921851161214,0.9576199355823021,0.8356783635644459,0.013053059840650957,1.318415522806714
KAMPALA,RUBAGA DIVISION,RUBAGA DIVISION,LUNGUJJA,23331,7507,3.107899293992274,3268,5222,1334,823,6684,6517,978,12,7229,30,86,70,0.6956174237378446,0.17770081257493006,0.9629678966298122,0.8903689889436526,0.8681230851205541,0.011455974423871054,1.3649901661672137
KAMPALA,RUBAGA DIVISION,RUBAGA DIVISION,MUTUNDWE,34657,10840,3.197140221402214,4870,7187,1297,802,10038,8782,2024,34,9828,238,252,66,0.6630073800738008,0.11964944649446495,0.9066420664206642,0.9260147601476014,0.8101476014760147,0.023247232472324724,1.1042825764655213
KAMPALA,RUBAGA DIVISION,RUBAGA DIVISION,NAJJANANKUMBI I,10944,4084,2.679725759059745,1744,2905,403,399,3685,3247,827,10,3764,22,51,51,0.7113124387855044,0.09867776689520079,0.921645445641528,0.9023016650342801,0.7950538687561215,0.01248775710088149,1.1068244151020974
KAMPALA,RUBAGA DIVISION,RUBAGA DIVISION,NAJJANANKUMBI II,9794,3664,2.6730349344978164,1196,2405,410,289,3375,3328,325,11,3495,16,38,48,0.6563864628820961,0.11189956331877729,0.9538755458515283,0.9211244541484717,0.9082969432314411,0.01037117903930131,1.2486024257064754
KAMPALA,RUBAGA DIVISION,RUBAGA DIVISION,NAKULABYE,17457,6875,2.5392,2709,3827,828,439,6436,5576,1283,16,6566,38,123,86,0.5566545454545454,0.12043636363636363,0.9550545454545455,0.9361454545454545,0.8110545454545455,0.01789090909090909,1.025789627219585
KAMPALA,RUBAGA DIVISION,RUBAGA DIVISION,NAMIREMBE,10977,4241,2.5883046451308656,1395,2406,826,340,3901,3821,415,5,4056,29,68,50,0.5673190285310068,0.19476538552228248,0.9563782126856873,0.9198302287196416,0.9009667531242631,0.01603395425607168,1.2980056225265568
KAMPALA,RUBAGA DIVISION,RUBAGA DIVISION,NATEETE,19971,7349,2.717512586746496,2930,4488,654,387,6962,6281,1067,1,6921,90,79,67,0.6106953326983263,0.08899169955095931,0.9417607837801062,0.9473397741189278,0.8546741053204517,0.010749761872363588,1.092161040578109
KAMPALA,RUBAGA DIVISION,RUBAGA DIVISION,NDEEBA,13838,7029,1.9687010954616588,2496,3213,675,665,6364,5633,1364,32,6388,129,93,76,0.45710627400768244,0.09603072983354674,0.908806373595106,0.9053919476454688,0.8013942239294352,0.013230900554844216,0.787361079543318
KAMPALA,RUBAGA DIVISION,RUBAGA DIVISION,RUBAGA,23264,8444,2.7550923732828045,3108,5081,1256,730,7714,6854,1572,18,7829,82,105,73,0.6017290383704406,0.1487446707721459,0.927167219327333,0.9135480814779725,0.8117006158218854,0.012434864992894363,1.1129667005813313
LUWERO,BAMUNANIKA COUNTY,BAMUNANIKA,KIBANYI,4282,1089,3.9320477502295685,493,212,10,44,1045,708,374,7,110,591,394,85,0.19467401285583102,0.009182736455463728,0.10101010101010101,0.9595959595959596,0.650137741046832,0.36179981634527086,-0.9767802024167466
LUWERO,BAMUNANIKA COUNTY,BAMUNANIKA,KIBIRIZI,3991,975,4.093333333333334,507,227,9,65,910,658,311,6,162,445,352,64,0.23282051282051283,0.009230769230769232,0.16615384615384615,0.9333333333333333,0.6748717948717948,0.36102564102564105,-0.8783024830480065
LUWERO,BAMUNANIKA COUNTY,BAMUNANIKA,KITEME,6631,1620,4.0932098765432094,745,431,28,95,1525,919,669,32,483,471,419,66,0.2660493827160494,0.01728395061728395,0.29814814814814816,0.941358024691358,0.567283950617284,0.25864197530864197,-0.6871054868698145
LUWERO,BAMUNANIKA COUNTY,BAMUNANIKA,KYAMPISI (BAMUNANIKA),10102,2697,3.7456433073785687,1260,1023,46,186,2511,2091,567,39,1364,714,447,60,0.3793103448275862,0.017055988134964777,0.5057471264367817,0.9310344827586207,0.7753058954393771,0.1657397107897664,-0.008430806603979452
LUWERO,BAMUNANIKA COUNTY,BAMUNANIKA,MPOLOGOMA,2753,616,4.4691558441558445,273,185,9,113,503,368,239,9,189,227,159,86,0.3003246753246753,0.01461038961038961,0.3068181818181818,0.8165584415584416,0.5974025974025974,0.25811688311688313,-0.720324072188869
LUWERO,BAMUNANIKA COUNTY,BAMUNANIKA,SEKAMULI,6945,1788,3.884228187919463,971,474,18,103,1685,872,905,11,486,681,358,94,0.2651006711409396,0.010067114093959731,0.27181208053691275,0.9423937360178971,0.48769574944071586,0.20022371364653244,-0.721229070342599
LUWERO,BAMUNANIKA COUNTY,BUSIIKA TOWN COUNCIL,BUSIIKA,17590,5071,3.468743837507395,2252,2620,227,536,4535,4110,951,10,3669,535,441,90,0.516663380003944,0.04476434628278446,0.7235259317688819,0.8943009268388878,0.8104910274107671,0.08696509564188523,0.5065512827741574
LUWERO,BAMUNANIKA COUNTY,BUSIIKA TOWN COUNCIL,BUSOKE,4780,1153,4.14570685169124,515,297,20,136,1017,673,454,26,110,561,271,63,0.2575888985255854,0.017346053772766695,0.09540329575021683,0.8820468343451865,0.5836947094535994,0.23503902862098872,-0.8269713886238562
LUWERO,BAMUNANIKA COUNTY,BUSIIKA TOWN COUNCIL,KAMIRA,4492,1173,3.8294970161977835,390,373,106,64,1109,903,266,4,609,262,125,26,0.31798806479113384,0.09036658141517477,0.5191815856777494,0.9454390451832907,0.7698209718670077,0.10656436487638533,0.18635334315491886
LUWERO,BAMUNANIKA COUNTY,BUSIIKA TOWN COUNCIL,VVUMBA,13674,3877,3.5269538302811454,1777,1593,133,359,3518,2897,968,12,2075,782,380,67,0.41088470466855814,0.03430487490327573,0.5352076347691515,0.9074026309001806,0.7472272375548105,0.09801392829507351,0.1436351060753324
LUWERO,BAMUNANIKA COUNTY,KALAGALA,DDEGEYA,7355,1783,4.125070106561974,1004,653,37,308,1475,1307,459,17,651,586,441,55,0.3662366797532249,0.02075154234436343,0.3651149747616377,0.8272574312955693,0.7330342120022434,0.24733595064498037,-0.39227388088137105
LUWERO,BAMUNANIKA COUNTY,KALAGALA,KALANAMU,8444,2169,3.89303826648225,916,721,74,138,2031,1477,673,19,808,642,441,97,0.33241124942369754,0.03411710465652374,0.37252189949285386,0.9363762102351314,0.6809589672660212,0.2033195020746888,-0.2922026164387695
LUWERO,BAMUNANIKA COUNTY,KALAGALA,KAYINDU,6504,1629,3.992633517495396,955,546,42,148,1481,935,675,19,326,786,358,89,0.3351749539594843,0.02578268876611418,0.20012277470841006,0.90914671577655,0.5739717618170657,0.21976672805402087,-0.6051045118209781
LUWERO,BAMUNANIKA COUNTY,KALAGALA,LUNYOLYA,5937,1572,3.7767175572519083,804,404,22,228,1344,891,653,28,281,641,345,52,0.25699745547073793,0.013994910941475827,0.1787531806615776,0.8549618320610687,0.566793893129771,0.21946564885496184,-0.7990024233249755
LUWERO,BAMUNANIKA COUNTY,KAMIRA,KITENDERI,1484,472,3.1440677966101696,190,35,3,411,61,122,222,128,0,197,266,40,0.07415254237288135,0.006355932203389831,0.0,0.1292372881355932,0.2584745762711864,0.5635593220338984,-2.772079519450547
LUWERO,BAMUNANIKA COUNTY,KAMIRA,MABUYE,5150,1463,3.520164046479836,679,210,26,192,1271,759,685,19,45,805,531,79,0.14354066985645933,0.0177717019822283,0.030758714969241284,0.8687628161312372,0.518796992481203,0.36295283663704714,-1.3146087944147415
LUWERO,BAMUNANIKA COUNTY,KAMIRA,MAZZI,4527,1252,3.615814696485623,495,148,6,273,979,620,534,98,14,566,560,71,0.1182108626198083,0.004792332268370607,0.011182108626198083,0.7819488817891374,0.4952076677316294,0.4472843450479233,-1.634908332927256
LUWERO,BAMUNANIKA COUNTY,KAMIRA,NAMBEERE,4793,1483,3.231962238705327,851,187,16,224,1259,519,857,107,33,873,402,78,0.1260957518543493,0.01078894133513149,0.022252191503708697,0.8489548213081591,0.34996628455832773,0.2710721510451787,-1.4299816656112094
LUWERO,BAMUNANIKA COUNTY,KAMIRA TOWN COUNCIL,BUWANUKA WARD,3029,848,3.571933962264151,389,132,9,320,528,221,542,85,116,354,211,85,0.15566037735849056,0.01061320754716981,0.13679245283018868,0.6226415094339622,0.2606132075471698,0.24882075471698112,-1.5965410368772135
LUWERO,BAMUNANIKA COUNTY,KAMIRA TOWN COUNCIL,KABUNYATA,4146,997,4.158475426278836,309,128,17,211,786,306,655,36,19,429,293,83,0.1283851554663992,0.017051153460381142,0.01905717151454363,0.7883650952858575,0.3069207622868606,0.2938816449348044,-1.5618531561041649
LUWERO,BAMUNANIKA COUNTY,KAMIRA TOWN COUNCIL,KAMIRA WARD,4403,1080,4.076851851851852,562,233,21,70,1010,510,532,38,181,541,235,58,0.21574074074074073,0.019444444444444445,0.1675925925925926,0.9351851851851852,0.4722222222222222,0.2175925925925926,-0.8860282985320451
LUWERO,BAMUNANIKA COUNTY,KAMIRA TOWN COUNCIL,KATAGWE WARD,3428,796,4.306532663316583,345,133,11,88,708,112,644,40,8,393,320,94,0.1670854271356784,0.013819095477386936,0.010050251256281407,0.8894472361809045,0.1407035175879397,0.4020100502512563,-1.8189349785384068
LUWERO,BAMUNANIKA COUNTY,KAMIRA TOWN COUNCIL,MAKONKONYIGO WARD,3116,839,3.713945172824791,333,110,9,228,611,281,529,29,32,438,282,56,0.13110846245530394,0.010727056019070322,0.03814064362336114,0.7282479141835518,0.33492252681764006,0.3361144219308701,-1.6497488707925014
LUWERO,BAMUNANIKA COUNTY,KIKYUSA,KIBENGO,6874,1644,4.181265206812652,668,221,13,382,1262,646,879,119,15,852,791,72,0.13442822384428224,0.007907542579075427,0.009124087591240875,0.767639902676399,0.3929440389294404,0.4811435523114355,-1.8046067023143828
LUWERO,BAMUNANIKA COUNTY,KIKYUSA,KIREKU,5697,1321,4.312641937925814,770,293,22,141,1180,573,708,40,28,932,543,97,0.2218016654049962,0.016654049962149888,0.021196063588190765,0.8932626797880394,0.43376230128690385,0.4110522331566995,-1.3887053193541536
LUWERO,BAMUNANIKA COUNTY,KIKYUSA,KYAMPOGOLA,3760,874,4.302059496567506,485,160,11,102,772,471,379,24,33,622,326,58,0.18306636155606407,0.012585812356979404,0.03775743707093822,0.8832951945080092,0.5389016018306636,0.37299771167048057,-1.250861613973836
LUWERO,BAMUNANIKA COUNTY,KIKYUSA,WABUSANA,6444,1663,3.8749248346361997,730,350,14,188,1475,772,763,128,378,613,425,67,0.21046301864101022,0.00841852074564041,0.22730006013229104,0.8869512928442573,0.46422128683102826,0.2555622369212267,-0.9932650813397098
LUWERO,BAMUNANIKA COUNTY,KIKYUSA TOWN COUNCIL,KIKYUSA WARD,14684,4209,3.488714659063911,2009,1572,84,98,4111,2851,1350,8,1879,1190,611,123,0.3734853884533143,0.019957234497505347,0.44642432881919697,0.9767165597529104,0.6773580422903303,0.14516512235685436,-0.09365458640250138
LUWERO,BAMUNANIKA COUNTY,KIKYUSA TOWN COUNCIL,KIMAZI WARD,2428,567,4.2821869488536155,311,167,16,23,544,313,251,3,99,327,61,88,0.2945326278659612,0.02821869488536155,0.1746031746031746,0.9594356261022927,0.5520282186948854,0.10758377425044091,-0.46207786624862146
LUWERO,BAMUNANIKA COUNTY,KIKYUSA TOWN COUNCIL,KIZIBA WARD,4435,1354,3.275480059084195,577,265,13,124,1230,652,685,17,128,592,496,41,0.19571639586410636,0.009601181683899557,0.09453471196454949,0.9084194977843427,0.4815361890694239,0.3663220088626292,-1.2404363485433514
LUWERO,BAMUNANIKA COUNTY,KIKYUSA TOWN COUNCIL,WANKANYA WARD,2709,658,4.117021276595745,209,127,11,6,652,462,188,8,136,223,114,65,0.19300911854103345,0.016717325227963525,0.2066869300911854,0.9908814589665653,0.7021276595744681,0.17325227963525835,-0.48678898949162436
LUWERO,BAMUNANIKA COUNTY,ZIROBWE,BUBUUBI,5363,1431,3.747728860936408,774,227,30,80,1351,482,922,27,25,877,569,70,0.1586303284416492,0.020964360587002098,0.017470300489168415,0.944095038434661,0.336827393431167,0.3976240391334731,-1.5108207189250724
LUWERO,BAMUNANIKA COUNTY,ZIROBWE,KABULANAKA,5524,1425,3.8764912280701753,837,429,37,80,1345,905,508,12,212,714,247,80,0.30105263157894735,0.025964912280701753,0.14877192982456142,0.9438596491228071,0.6350877192982456,0.17333333333333334,-0.4972117018986049
LUWERO,BAMUNANIKA COUNTY,ZIROBWE,KAKAKALA,1780,497,3.5814889336016096,201,92,3,98,399,252,221,24,3,283,151,40,0.1851106639839034,0.006036217303822937,0.006036217303822937,0.8028169014084507,0.5070422535211268,0.3038229376257545,-1.2810530862458875
LUWERO,BAMUNANIKA COUNTY,ZIROBWE,KYETUME,7601,2418,3.143507030603805,1008,462,47,75,2343,1232,1084,102,90,1291,568,46,0.19106699751861042,0.01943755169561621,0.03722084367245657,0.9689826302729528,0.5095119933829612,0.23490488006617039,-0.9554483134649181
LUWERO,BAMUNANIKA COUNTY,ZIROBWE,NAKIGOZA,7245,2008,3.608067729083665,917,321,25,261,1747,756,1132,120,11,912,663,78,0.1598605577689243,0.01245019920318725,0.005478087649402391,0.8700199203187251,0.37649402390438247,0.3301792828685259,-1.442143734961409
LUWERO,BAMUNANIKA COUNTY,ZIROBWE,NAMBI,4622,1081,4.275670675300647,607,316,31,28,1053,514,559,8,285,469,382,62,0.2923219241443108,0.028677150786308975,0.26364477335800185,0.9740980573543015,0.47548566142460685,0.35337650323774283,-0.8936053626019688
LUWERO,BAMUNANIKA COUNTY,ZIROBWE,NGALONKALU,5924,1575,3.7612698412698413,781,317,23,126,1449,772,778,25,12,938,473,55,0.20126984126984127,0.014603174603174604,0.007619047619047619,0.92,0.4901587301587302,0.3003174603174603,-1.1499164225360057
LUWERO,BAMUNANIKA COUNTY,ZIROBWE TOWN COUNCIL,ZIROBWE CENTRAL WARD,4966,1484,3.3463611859838274,591,682,57,46,1438,1065,400,19,899,219,169,58,0.45956873315363883,0.03840970350404313,0.6057951482479784,0.9690026954177897,0.717654986522911,0.11388140161725067,0.2530026519765786
LUWERO,BAMUNANIKA COUNTY,ZIROBWE TOWN COUNCIL,ZIROBWE EAST WARD,4159,1004,4.142430278884462,554,356,25,63,941,621,360,23,170,496,331,63,0.3545816733067729,0.0249003984063745,0.1693227091633466,0.9372509960159362,0.6185258964143426,0.3296812749003984,-0.7056150544269734
LUWERO,BAMUNANIKA COUNTY,ZIROBWE TOWN COUNCIL,ZIROBWE NORTH WARD,3154,930,3.3913978494623658,395,238,23,34,896,482,445,3,211,326,260,64,0.25591397849462366,0.024731182795698924,0.22688172043010751,0.9634408602150538,0.5182795698924731,0.27956989247311825,-0.8060633385931604
LUWERO,BAMUNANIKA COUNTY,ZIROBWE TOWN COUNCIL,ZIROBWE WEST WARD,3981,1016,3.918307086614173,482,359,12,14,1002,511,499,6,405,333,205,69,0.35334645669291337,0.011811023622047244,0.3986220472440945,0.9862204724409449,0.5029527559055118,0.2017716535433071,-0.4677838662237205
LUWERO,KATIKAMU COUNTY,BOMBO TOWN COUNCIL,BOMBO CENTRAL WARD,1612,662,2.4350453172205437,236,363,24,8,654,475,187,0,487,25,24,26,0.5483383685800605,0.03625377643504532,0.7356495468277946,0.9879154078549849,0.7175226586102719,0.03625377643504532,0.5906434636350262
LUWERO,KATIKAMU COUNTY,BOMBO TOWN COUNCIL,GANGAMA WARD,2699,663,4.070889894419306,359,354,20,11,652,534,128,1,487,55,114,27,0.5339366515837104,0.030165912518853696,0.7345399698340875,0.9834087481146304,0.8054298642533937,0.17194570135746606,0.43773392142969486
LUWERO,KATIKAMU COUNTY,BOMBO TOWN COUNCIL,LOMULE WARD,4237,1155,3.6683982683982683,545,674,44,28,1127,862,291,2,1015,29,100,43,0.5835497835497836,0.0380952380952381,0.8787878787878788,0.9757575757575757,0.7463203463203463,0.08658008658008658,0.6742097766949021
LUWERO,KATIKAMU COUNTY,BOMBO TOWN COUNCIL,MPAKAWERO WARD,2566,781,3.285531370038412,276,407,57,22,759,469,312,0,701,35,36,46,0.5211267605633803,0.07298335467349552,0.8975672215108835,0.971830985915493,0.6005121638924455,0.046094750320102434,0.5684802549229798
LUWERO,KATIKAMU COUNTY,BOMBO TOWN COUNCIL,NAMALIGA WARD,11256,3197,3.520800750703785,1220,1903,146,158,3039,2556,636,5,2877,74,165,90,0.5952455426962777,0.04566781357522678,0.8999061620269002,0.950578667500782,0.7994995308101345,0.051610885204879574,0.819549571673531
LUWERO,KATIKAMU COUNTY,BOMBO TOWN COUNCIL,NKOKONJERU WARD,6735,1805,3.731301939058172,840,1084,107,72,1733,1312,490,3,1599,44,97,50,0.6005540166204986,0.0592797783933518,0.8858725761772853,0.9601108033240997,0.7268698060941828,0.05373961218836565,0.7617335848067721
LUWERO,KATIKAMU COUNTY,BUTUNTUMULA,BAMUGOLODDE,8354,2080,4.016346153846154,999,512,32,129,1951,1157,888,35,250,1054,615,81,0.24615384615384617,0.015384615384615385,0.1201923076923077,0.9379807692307692,0.55625,0.2956730769230769,-0.9123775754504622
LUWERO,KATIKAMU COUNTY,BUTUNTUMULA,BUKAMBAGGA,3839,925,4.15027027027027,503,241,14,8,917,454,462,9,80,639,95,100,0.26054054054054054,0.015135135135135135,0.08648648648648649,0.9913513513513513,0.4908108108108108,0.10270270270270271,-0.6289846526067958
LUWERO,KATIKAMU COUNTY,BUTUNTUMULA,KAKABALA,9986,2707,3.6889545622460287,1267,640,50,271,2436,1593,1079,35,326,1317,457,60,0.23642408570373108,0.01847063169560399,0.12042851865533802,0.8998891762098263,0.5884743258219431,0.16882157369782047,-0.7020079301858778
LUWERO,KATIKAMU COUNTY,BUTUNTUMULA,KAKINZI,5456,1354,4.029542097488922,774,326,10,518,836,612,687,55,171,583,456,64,0.24076809453471196,0.007385524372230428,0.12629246676514033,0.6174298375184638,0.4519940915805022,0.33677991137370755,-1.420471339704919
LUWERO,KATIKAMU COUNTY,BUTUNTUMULA,KALWANGA,2283,616,3.706168831168831,340,138,16,520,96,236,364,16,6,372,119,52,0.22402597402597402,0.025974025974025976,0.00974025974025974,0.15584415584415584,0.38311688311688313,0.19318181818181818,-1.7453776171322473
LUWERO,KATIKAMU COUNTY,BUTUNTUMULA,KYAWANGABI,5063,1454,3.4821182943603852,850,247,15,506,948,657,758,39,15,867,332,77,0.16987620357634112,0.01031636863823934,0.01031636863823934,0.6519944979367263,0.4518569463548831,0.22833562585969738,-1.3677156735941287
LUWERO,KATIKAMU COUNTY,BUTUNTUMULA,NGOGOLO,7997,2055,3.891484184914842,944,654,43,77,1978,1390,637,28,648,821,548,64,0.3182481751824818,0.020924574209245744,0.31532846715328466,0.9625304136253041,0.6763990267639902,0.26666666666666666,-0.4630705867892783
LUWERO,KATIKAMU COUNTY,KATIKAMU,BUKEEKA,4037,930,4.340860215053763,522,306,16,7,923,456,469,5,242,366,179,45,0.32903225806451614,0.017204301075268817,0.26021505376344084,0.9924731182795699,0.49032258064516127,0.1924731182795699,-0.5728325880526156
LUWERO,KATIKAMU COUNTY,KATIKAMU,BUYUKI,6700,1744,3.841743119266055,788,484,87,77,1667,1118,595,31,301,871,430,54,0.2775229357798165,0.04988532110091743,0.17259174311926606,0.955848623853211,0.6410550458715596,0.24655963302752293,-0.5625784865284765
LUWERO,KATIKAMU COUNTY,KATIKAMU,KIKOMA,6512,1655,3.9347432024169184,921,690,55,184,1471,1247,405,3,594,668,176,92,0.4169184290030212,0.03323262839879154,0.35891238670694864,0.888821752265861,0.7534743202416918,0.10634441087613293,0.008418857894976242
LUWERO,KATIKAMU COUNTY,KATIKAMU,KYALUGONDO,7743,1890,4.0968253968253965,1033,688,54,113,1777,1473,400,17,618,796,481,81,0.364021164021164,0.02857142857142857,0.326984126984127,0.9402116402116402,0.7793650793650794,0.2544973544973545,-0.25569943793771494
LUWERO,KATIKAMU COUNTY,KATIKAMU,MIGADDE,12145,3381,3.5921325051759836,1419,1102,111,141,3240,2420,932,29,1586,960,798,61,0.32593907128068617,0.032830523513753325,0.46909198461993495,0.9582963620230701,0.7157645666962437,0.2360248447204969,-0.23024283336897108
LUWERO,KATIKAMU COUNTY,KATIKAMU,MUSAALE,12907,3620,3.5654696132596686,1547,1604,111,238,3382,2559,1050,11,2012,822,607,83,0.4430939226519337,0.030662983425414365,0.5558011049723757,0.9342541436464088,0.7069060773480663,0.16767955801104972,0.048537128961308976
LUWERO,KATIKAMU COUNTY,KATIKAMU,TWEYANZE,6649,1903,3.4939569101418813,829,640,40,46,1857,1337,558,8,727,637,202,65,0.33631108775617446,0.021019442984760904,0.38202837624802943,0.9758276405675249,0.7025748817656332,0.10614818707304256,-0.08522911740680085
LUWERO,KATIKAMU COUNTY,LUWEERO TOWN COUNCIL,KASANA P.W.D WARD,8351,2376,3.5147306397306397,957,1133,108,104,2272,1772,601,3,1630,355,149,53,0.47685185185185186,0.045454545454545456,0.686026936026936,0.9562289562289562,0.7457912457912458,0.06271043771043772,0.4508554064847975
LUWERO,KATIKAMU COUNTY,LUWEERO TOWN COUNCIL,KAVULE WARD,7227,2240,3.226339285714286,815,1284,150,160,2080,1492,742,6,1860,141,39,45,0.5732142857142857,0.06696428571428571,0.8303571428571429,0.9285714285714286,0.6660714285714285,0.017410714285714286,0.6642386448127867
LUWERO,KATIKAMU COUNTY,LUWEERO TOWN COUNCIL,KIWOGOZI WARD,19536,6291,3.105388650453028,2375,3179,248,104,6187,4403,1879,9,4407,754,260,78,0.5053250675568273,0.03942139564457161,0.7005245588936576,0.9834684469877603,0.6998887299316484,0.04132888253059927,0.4866470251078103
LUWERO,KATIKAMU COUNTY,LUWEERO TOWN COUNCIL,LUWERO CENTRAL WARD,1700,673,2.526002971768202,237,374,37,24,649,490,183,0,617,18,4,20,0.5557206537890045,0.0549777117384844,0.9167904903417533,0.9643387815750372,0.7280832095096582,0.005943536404160475,0.8023206093330048
LUWERO,KATIKAMU COUNTY,LUWEERO TOWN COUNCIL,LUWERO SOUTH EAST WARD,19892,6073,3.2754816400461055,2178,2929,241,134,5939,4605,1452,16,3894,1189,280,76,0.48229869916021734,0.0396838465338383,0.6411987485591965,0.9779351226741314,0.7582743289972007,0.04610571381524782,0.47809272273026565
LUWERO,KATIKAMU COUNTY,LUWEERO TOWN COUNCIL,LUWERO WEST WARD,16460,5429,3.031865905323264,1933,2979,239,141,5288,3540,1877,12,4252,460,206,60,0.5487198379075336,0.044022840302081416,0.7832013262110886,0.9740283661816173,0.652053785227482,0.03794437281267268,0.5434114644523087
LUWERO,KATIKAMU COUNTY,LUWERO,BWAZIBA,5485,1297,4.228989976869699,679,349,25,45,1252,685,591,21,149,723,493,71,0.2690824980724749,0.01927525057825752,0.11488049344641481,0.9653045489591364,0.5281418658442559,0.3801079414032382,-1.029132194779758
LUWERO,KATIKAMU COUNTY,LUWERO,BWEYEYO,4087,1006,4.062624254473161,550,302,19,28,978,476,524,6,162,565,197,58,0.30019880715705766,0.018886679920477135,0.1610337972166998,0.9721669980119284,0.4731610337972167,0.19582504970178927,-0.7160845097240782
LUWERO,KATIKAMU COUNTY,LUWERO,KABAKEDDI,6015,1397,4.3056549749463136,713,337,11,17,1380,927,425,45,223,678,465,59,0.24123120973514675,0.007874015748031496,0.15962777380100215,0.9878310665712241,0.6635647816750179,0.33285612025769507,-0.7926604756613737
LUWERO,KATIKAMU COUNTY,LUWERO,KAGUGO,9252,2506,3.6919393455706304,1215,929,56,26,2480,1633,857,16,848,981,322,73,0.3707102952913009,0.0223463687150838,0.3383878691141261,0.9896249002394254,0.6516360734237829,0.12849162011173185,-0.15607142004841945
LUWERO,KATIKAMU COUNTY,LUWERO,KASAALA,4804,1305,3.681226053639847,640,427,22,24,1281,851,443,11,452,568,298,63,0.32720306513409964,0.01685823754789272,0.346360153256705,0.9816091954022989,0.6521072796934866,0.22835249042145594,-0.3889378252283031
LUWERO,KATIKAMU COUNTY,LUWERO,KATUGO,3776,894,4.223713646532438,497,138,10,46,848,339,526,29,22,434,358,93,0.15436241610738255,0.011185682326621925,0.024608501118568233,0.9485458612975392,0.37919463087248323,0.4004474272930649,-1.480819245145325
LUWERO,KATIKAMU COUNTY,LUWERO,KIGOMBE,5408,1357,3.9852616064848934,794,424,22,26,1331,887,454,16,255,715,277,77,0.3124539425202653,0.016212232866617538,0.18791451731761238,0.9808400884303611,0.653647752394989,0.20412675018422993,-0.47259220482107545
LUWERO,KATIKAMU COUNTY,LUWERO,KIKUBE,3373,954,3.5356394129979036,484,204,10,128,826,560,358,36,66,549,305,86,0.2138364779874214,0.010482180293501049,0.06918238993710692,0.8658280922431866,0.5870020964360587,0.319706498951782,-1.0645898936728055
LUWERO,KATIKAMU COUNTY,LUWERO,NAKIKOOTA,4430,1089,4.067952249770432,606,257,13,29,1060,675,393,21,42,669,312,85,0.2359963269054178,0.011937557392102846,0.03856749311294766,0.9733700642791552,0.6198347107438017,0.2865013774104683,-0.8609782406279092
LUWERO,KATIKAMU COUNTY,MAKULUBITA,KAGOGO,3920,1158,3.385146804835924,614,310,30,151,1007,857,291,10,261,369,171,97,0.26770293609671847,0.025906735751295335,0.22538860103626943,0.8696027633851469,0.7400690846286702,0.14766839378238342,-0.38343811070373135
LUWERO,KATIKAMU COUNTY,MAKULUBITA,KALASA,4507,1260,3.576984126984127,429,333,21,310,950,990,252,18,441,365,223,50,0.2642857142857143,0.016666666666666666,0.35,0.753968253968254,0.7857142857142857,0.176984126984127,-0.42233460030150494
LUWERO,KATIKAMU COUNTY,MAKULUBITA,KANGAVE,3143,1111,2.828982898289829,364,209,8,280,831,744,357,10,270,243,157,63,0.18811881188118812,0.0072007200720072,0.24302430243024303,0.7479747974797479,0.6696669666966697,0.1413141314131413,-0.6970741528080312
LUWERO,KATIKAMU COUNTY,MAKULUBITA,KANYANDA,5298,1546,3.426908150064683,781,505,27,411,1135,896,642,8,556,590,313,80,0.32664941785252266,0.017464424320827943,0.35963777490297544,0.7341526520051747,0.5795601552393272,0.20245795601552394,-0.6510076481423616
LUWERO,KATIKAMU COUNTY,MAKULUBITA,KASOZI,5182,1596,3.2468671679197993,769,341,27,445,1151,768,785,43,295,506,474,77,0.2136591478696742,0.016917293233082706,0.18483709273182958,0.7211779448621554,0.48120300751879697,0.29699248120300753,-1.198177249546727
LUWERO,KATIKAMU COUNTY,MAKULUBITA,MAKULUBITA,6102,1834,3.327153762268266,889,499,57,335,1499,1127,661,46,564,586,387,101,0.27208287895310795,0.031079607415485277,0.3075245365321701,0.8173391494002181,0.6145038167938931,0.21101417666303163,-0.6195382950875428
LUWERO,KATIKAMU COUNTY,MAKULUBITA,MAWALE,5589,1811,3.086140254003313,699,476,25,354,1457,1499,307,5,735,476,271,62,0.2628382109331861,0.013804527885146328,0.405853119823302,0.804527885146328,0.8277194919933738,0.1496410822749862,-0.24997304884667465
LUWERO,KATIKAMU COUNTY,MAKULUBITA,NSANVU,3577,1075,3.3274418604651164,538,337,10,163,912,534,536,5,257,412,440,42,0.31348837209302327,0.009302325581395349,0.23906976744186045,0.8483720930232558,0.4967441860465116,0.40930232558139534,-1.1064586043949713
LUWERO,KATIKAMU COUNTY,MAKULUBITA,WALULEETA,4812,1316,3.6565349544072947,763,431,26,139,1177,925,380,11,494,455,278,56,0.32750759878419455,0.019756838905775075,0.37537993920972645,0.8943768996960486,0.702887537993921,0.21124620060790272,-0.35156121835031917
LUWERO,KATIKAMU COUNTY,NDEJJE TOWN COUNCIL,BUYEGO WARD,1843,436,4.227064220183486,158,104,10,77,359,298,133,5,174,96,81,57,0.23853211009174313,0.022935779816513763,0.39908256880733944,0.823394495412844,0.6834862385321101,0.18577981651376146,-0.48529225109842333
LUWERO,KATIKAMU COUNTY,NDEJJE TOWN COUNCIL,KIYANA WARD,2782,658,4.227963525835866,416,240,12,69,589,475,178,5,217,199,222,61,0.364741641337386,0.0182370820668693,0.32978723404255317,0.8951367781155015,0.7218844984802432,0.3373860182370821,-0.5245002935855543
LUWERO,KATIKAMU COUNTY,NDEJJE TOWN COUNCIL,NDEJJE WARD,3727,1281,2.909445745511319,694,674,214,25,1256,1146,131,4,964,95,107,48,0.5261514441842311,0.16705698672911787,0.7525370804059328,0.9804839968774395,0.8946135831381733,0.08352849336455893,0.9873276085276992
LUWERO,KATIKAMU COUNTY,NDEJJE TOWN COUNCIL,SSAMBWE WARD,985,249,3.9558232931726907,110,74,2,43,206,128,118,3,0,148,64,52,0.2971887550200803,0.008032128514056224,0.0,0.8273092369477911,0.5140562248995983,0.2570281124497992,-1.0334349305759438
LUWERO,KATIKAMU COUNTY,NYIMBWA,BAJJO,7768,2147,3.6180717279925476,955,1073,91,110,2037,1629,506,12,1520,264,235,61,0.4997671169073125,0.0423847228691197,0.7079646017699115,0.9487657196087564,0.7587331159757802,0.10945505356311132,0.4187348193064165
LUWERO,KATIKAMU COUNTY,NYIMBWA,BUVUMA,4098,1150,3.5634782608695654,544,402,41,77,1073,852,292,6,467,387,232,85,0.34956521739130436,0.035652173913043476,0.40608695652173915,0.9330434782608695,0.7408695652173913,0.20173913043478262,-0.172044089613492
LUWERO,KATIKAMU COUNTY,NYIMBWA,KALULE,6786,2048,3.3134765625,921,839,70,396,1652,1618,420,10,1268,356,168,76,0.40966796875,0.0341796875,0.619140625,0.806640625,0.7900390625,0.08203125,0.18520681093415386
LUWERO,KATIKAMU COUNTY,NYIMBWA,KIYANDA,5183,1364,3.7998533724340176,714,331,34,63,1301,859,496,9,305,478,258,73,0.24266862170087977,0.024926686217008796,0.22360703812316715,0.9538123167155426,0.6297653958944281,0.18914956011730205,-0.5456505436171937
LUWERO,KATIKAMU COUNTY,NYIMBWA,NAKATONYA,8582,2018,4.2527254707631315,928,801,68,75,1943,1445,551,22,1117,409,358,102,0.3969276511397423,0.03369672943508424,0.5535183349851338,0.9628344895936571,0.7160555004955401,0.1774033696729435,0.01750534869263797
LUWERO,KATIKAMU COUNTY,WOBULENZI TOWN COUNCIL,BUKALASA WARD,672,192,3.5,103,85,37,5,187,182,10,0,118,24,28,36,0.4427083333333333,0.19270833333333334,0.6145833333333334,0.9739583333333334,0.9479166666666666,0.14583333333333334,0.8033800830359575
LUWERO,KATIKAMU COUNTY,WOBULENZI TOWN COUNCIL,BUKOLWA WARD,4909,1287,3.814296814296814,611,500,37,276,1011,910,372,5,444,526,206,68,0.3885003885003885,0.028749028749028748,0.34498834498834496,0.7855477855477856,0.7070707070707071,0.16006216006216006,-0.2859461674449137
LUWERO,KATIKAMU COUNTY,WOBULENZI TOWN COUNCIL,KATIKAMU WARD,5453,1487,3.667114996637525,700,785,81,267,1220,1236,251,0,1132,163,78,71,0.5279085406859448,0.05447209145931405,0.7612642905178211,0.82044384667115,0.8312037659717552,0.05245460659045057,0.5819497968995412
LUWERO,KATIKAMU COUNTY,WOBULENZI TOWN COUNCIL,WOBULENZI CENTRAL WARD,6024,1783,3.3785754346606844,826,1091,78,73,1710,1438,343,2,1524,106,73,38,0.6118900729108244,0.04374649467190129,0.854739203589456,0.9590577678070668,0.8065058889512058,0.04094223219293326,0.8400319366501083
LUWERO,KATIKAMU COUNTY,WOBULENZI TOWN COUNCIL,WOBULENZI EAST WARD,12713,3737,3.401926679154402,1560,2388,346,201,3536,3087,645,5,3209,114,136,54,0.639015252876639,0.09258763714209259,0.8587101953438587,0.9462135402729462,0.8260636874498261,0.03639282847203639,1.0008359536382636
LUWERO,KATIKAMU COUNTY,WOBULENZI TOWN COUNCIL,WOBULENZI WEST WARD,5202,1832,2.839519650655022,683,876,56,83,1749,1219,612,1,1513,59,68,30,0.4781659388646288,0.03056768558951965,0.8258733624454149,0.9546943231441049,0.6653930131004366,0.03711790393013101,0.4558362663808194
MPIGI,MAWOKOTA COUNTY,BUWAMA,BULUNDA,3932,941,4.178533475026567,367,170,10,20,921,407,513,21,10,533,388,50,0.1806588735387885,0.010626992561105207,0.010626992561105207,0.9787460148777896,0.43251859723698194,0.412327311370882,-1.3854057968213398
MPIGI,MAWOKOTA COUNTY,BUWAMA,BUNJAKO,10004,2591,3.861057506754149,1147,662,37,611,1980,971,1413,207,103,1330,917,56,0.25549980702431496,0.014280200694712466,0.03975299112311849,0.7641837128521807,0.3747587803936704,0.35391740640679276,-1.434946137618481
MPIGI,MAWOKOTA COUNTY,BUWAMA,KAWUMBA,2964,726,4.082644628099174,238,161,10,56,670,371,331,24,45,443,265,68,0.22176308539944903,0.013774104683195593,0.06198347107438017,0.9228650137741047,0.5110192837465565,0.3650137741046832,-1.1693221461990402
MPIGI,MAWOKOTA COUNTY,BUWAMA,SANGO,6627,1545,4.289320388349514,849,410,21,419,1126,1029,492,24,170,838,402,56,0.26537216828478966,0.013592233009708738,0.11003236245954692,0.7288025889967638,0.6660194174757281,0.26019417475728157,-0.8956401836572885
MPIGI,MAWOKOTA COUNTY,BUWAMA TOWN COUNCIL,BONGOLE WARD,5663,1450,3.9055172413793104,711,380,16,377,1073,586,824,40,161,766,424,73,0.2620689655172414,0.011034482758620689,0.11103448275862068,0.74,0.40413793103448276,0.2924137931034483,-1.2700597409427947
MPIGI,MAWOKOTA COUNTY,BUWAMA TOWN COUNCIL,BUYIJJA WARD,3061,855,3.5801169590643274,441,171,13,460,395,347,497,11,58,368,210,69,0.2,0.0152046783625731,0.06783625730994151,0.4619883040935672,0.4058479532163743,0.24561403508771928,-1.539948234451356
MPIGI,MAWOKOTA COUNTY,BUWAMA TOWN COUNCIL,JALAMBA WARD,5062,1158,4.3713298791019,590,328,27,318,840,290,858,10,292,388,341,54,0.28324697754749567,0.023316062176165803,0.25215889464594127,0.7253886010362695,0.2504317789291883,0.29447322970639034,-1.329443725644729
MPIGI,MAWOKOTA COUNTY,BUWAMA TOWN COUNCIL,LUBUGUMU WARD,3760,837,4.492234169653525,553,198,4,157,680,319,506,12,18,598,211,80,0.23655913978494625,0.0047789725209080045,0.021505376344086023,0.8124253285543608,0.3811230585424134,0.2520908004778972,-1.27003625638917
MPIGI,MAWOKOTA COUNTY,BUWAMA TOWN COUNCIL,MBIZINYA WARD,10762,3074,3.5009759271307743,1488,1477,88,548,2526,1448,1602,24,1847,538,401,58,0.4804814573845153,0.028627195836044242,0.6008458035133377,0.8217306441119063,0.47104749512036437,0.13044892648015616,-0.21036130148739812
MPIGI,MAWOKOTA COUNTY,BUWAMA TOWN COUNCIL,NABITETE WARD,3103,888,3.494369369369369,464,274,35,165,723,382,471,35,194,294,219,42,0.30855855855855857,0.039414414414414414,0.21846846846846846,0.8141891891891891,0.43018018018018017,0.24662162162162163,-0.9045803157222941
MPIGI,MAWOKOTA COUNTY,KAMMENGO,BUTOOLO,4711,1218,3.867816091954023,682,497,19,239,979,641,561,16,582,238,343,43,0.40804597701149425,0.015599343185550082,0.47783251231527096,0.8037766830870279,0.5262725779967159,0.28160919540229884,-0.6092364070424413
MPIGI,MAWOKOTA COUNTY,KAMMENGO,KAMMENGO,7951,2191,3.6289365586490185,1100,930,160,219,1972,1445,723,23,1204,456,318,53,0.4244637151985395,0.0730260155180283,0.549520766773163,0.9000456412596988,0.659516202647193,0.14513920584208123,0.06006860313578802
MPIGI,MAWOKOTA COUNTY,KAMMENGO,KANYIKE,8457,2183,3.874026568941823,1089,865,42,378,1805,1423,741,19,1090,354,540,61,0.3962437013284471,0.01923957856161246,0.49931287219422815,0.8268437929454878,0.651855245075584,0.24736601007787448,-0.3693710745534573
MPIGI,MAWOKOTA COUNTY,KAMMENGO,KYANJA,7504,1973,3.8033451596553474,993,694,40,649,1324,930,1023,20,858,551,428,39,0.3517486061834769,0.02027369488089204,0.4348707551951343,0.6710593005575266,0.47136340598074,0.21692853522554487,-0.7784420773671606
MPIGI,MAWOKOTA COUNTY,KAMMENGO,LUWALA,4934,1201,4.1082431307243965,651,310,18,254,947,578,599,24,167,592,149,39,0.2581182348043297,0.01498751040799334,0.13905079100749376,0.7885095753538718,0.48126561199000834,0.12406328059950042,-0.8291901262122983
MPIGI,MAWOKOTA COUNTY,KAMMENGO,LWAGGWA/KIBAANGA,2901,688,4.21656976744186,319,177,15,77,611,396,286,6,60,315,154,62,0.25726744186046513,0.02180232558139535,0.0872093023255814,0.8880813953488372,0.5755813953488372,0.2238372093023256,-0.8091577368193325
MPIGI,MAWOKOTA COUNTY,KAMMENGO,MUSA,12651,3182,3.975801382778127,1212,723,38,692,2490,1297,1621,264,615,1299,1076,52,0.22721558768070396,0.011942174732872407,0.19327467001885607,0.7825267127592709,0.40760527969830296,0.3381521055939661,-1.2895034435134012
MPIGI,MAWOKOTA COUNTY,KAMMENGO,MUYIRA,4961,1233,4.023519870235199,535,354,21,364,869,418,793,22,279,416,227,49,0.2871046228710462,0.0170316301703163,0.22627737226277372,0.7047850770478508,0.33901054339010545,0.1841038118410381,-1.081836874443467
MPIGI,MAWOKOTA COUNTY,KAYABWE TOWN COUNCIL,BUSESE WARD,3203,1106,2.896021699819168,494,285,133,271,835,844,260,2,437,286,231,46,0.2576853526220615,0.12025316455696203,0.39511754068716093,0.7549728752260397,0.7631103074141049,0.2088607594936709,-0.2583348609215206
MPIGI,MAWOKOTA COUNTY,KAYABWE TOWN COUNCIL,KAYABWE WARD,9992,2841,3.517071453713481,1278,1309,98,464,2377,2072,676,93,1911,356,239,18,0.46075325589581134,0.034494896163322776,0.672650475184794,0.8366772263287575,0.7293206617388244,0.08412530799014431,0.23388159059103597
MPIGI,MAWOKOTA COUNTY,KAYABWE TOWN COUNCIL,NABUSANKE WARD,5059,1390,3.639568345323741,804,666,64,221,1169,908,475,7,704,377,197,68,0.479136690647482,0.0460431654676259,0.5064748201438849,0.8410071942446044,0.6532374100719425,0.14172661870503597,-0.014534812856192125
MPIGI,MAWOKOTA COUNTY,KAYABWE TOWN COUNCIL,NAKIBANGA WARD,3318,732,4.532786885245901,341,171,12,212,520,209,508,15,161,349,226,47,0.2336065573770492,0.01639344262295082,0.21994535519125682,0.7103825136612022,0.2855191256830601,0.3087431693989071,-1.4213457806915308
MPIGI,MAWOKOTA COUNTY,KIRINGENTE,KAVULE,10645,2767,3.8471268521864834,1154,1400,141,573,2194,1510,1236,21,2060,226,330,36,0.5059631369714492,0.050957715937838814,0.7444886158294182,0.7929165160823997,0.5457173834477774,0.11926273942898447,0.04883847113636631
MPIGI,MAWOKOTA COUNTY,KIRINGENTE,KIKONDO,12183,3381,3.6033717834960073,1328,1603,138,878,2503,2194,1171,16,2284,455,318,40,0.474120082815735,0.04081632653061224,0.6755397811298433,0.7403135167110323,0.6489204377403135,0.0940550133096717,0.06276187217556478
MPIGI,MAWOKOTA COUNTY,KIRINGENTE,KIRINGENTE,3877,980,3.956122448979592,528,294,25,362,618,575,398,7,219,396,167,57,0.3,0.025510204081632654,0.22346938775510203,0.6306122448979592,0.5867346938775511,0.1704081632653061,-0.7895698665271028
MPIGI,MAWOKOTA COUNTY,KIRINGENTE,KOLOLO,2405,603,3.988391376451078,350,295,13,76,527,392,208,3,317,96,70,44,0.4892205638474295,0.02155887230514096,0.5257048092868989,0.8739635157545605,0.6500829187396352,0.11608623548922056,0.02697775325339397
MPIGI,MAWOKOTA COUNTY,KIRINGENTE,SEKIWUNGA,6856,1740,3.9402298850574713,705,801,60,370,1370,1064,675,1,1153,231,185,39,0.4603448275862069,0.034482758620689655,0.6626436781609195,0.7873563218390804,0.6114942528735632,0.10632183908045977,-3.658121088815836e-05
MPIGI,MAWOKOTA COUNTY,KITUNTU,BUKEMBA,3002,780,3.848717948717949,411,99,10,141,639,445,317,18,48,383,295,50,0.12692307692307692,0.01282051282051282,0.06153846153846154,0.8192307692307692,0.5705128205128205,0.3782051282051282,-1.3320960979252492
MPIGI,MAWOKOTA COUNTY,KITUNTU,KAGENDA,8348,1886,4.426299045599151,1109,389,28,379,1507,704,1111,71,40,984,721,70,0.20625662778366913,0.014846235418875928,0.021208907741251327,0.7990455991516436,0.37327677624602335,0.38229056203605516,-1.5242301699179621
MPIGI,MAWOKOTA COUNTY,KITUNTU,KANTIINI,3800,907,4.189636163175304,530,167,13,192,715,210,681,16,1,576,315,55,0.18412348401323042,0.014332965821389196,0.0011025358324145535,0.7883131201764058,0.23153252480705622,0.3472987872105843,-1.6921537245990905
MPIGI,MAWOKOTA COUNTY,KITUNTU,KASOZI,3619,869,4.1645569620253164,632,303,27,320,549,380,474,15,68,372,322,44,0.3486766398158803,0.031070195627157654,0.07825086306098965,0.6317606444188723,0.4372842347525892,0.3705408515535098,-1.3292526403213087
MPIGI,MAWOKOTA COUNTY,KITUNTU,LUWUNGA,3283,741,4.430499325236167,466,128,11,43,698,316,420,5,13,456,192,71,0.17273954116059378,0.014844804318488529,0.017543859649122806,0.941970310391363,0.42645074224021595,0.2591093117408907,-1.1680496745334865
MPIGI,MAWOKOTA COUNTY,KITUNTU,MIGAMBA,2993,677,4.420974889217135,404,187,9,228,449,350,323,4,187,183,238,65,0.276218611521418,0.013293943870014771,0.276218611521418,0.6632200886262924,0.51698670605613,0.3515509601181684,-1.1670438362748932
MPIGI,MAWOKOTA COUNTY,KITUNTU,NKASI,2689,671,4.007451564828614,313,130,17,249,422,281,351,39,96,293,363,65,0.19374068554396423,0.02533532041728763,0.14307004470938897,0.6289120715350224,0.4187779433681073,0.5409836065573771,-1.798595153969494
MPIGI,MAWOKOTA COUNTY,MPIGI TOWN COUNCIL,BUMOOZI WARD,6834,1528,4.472513089005235,702,555,20,202,1326,957,570,1,732,388,389,37,0.3632198952879581,0.013089005235602094,0.4790575916230366,0.8678010471204188,0.6263089005235603,0.2545811518324607,-0.4430324641040876
MPIGI,MAWOKOTA COUNTY,MPIGI TOWN COUNCIL,KAFUMU WARD,1772,402,4.407960199004975,221,127,2,124,278,279,119,4,123,179,149,33,0.31592039800995025,0.004975124378109453,0.30597014925373134,0.6915422885572139,0.6940298507462687,0.3706467661691542,-0.9040423850802561
MPIGI,MAWOKOTA COUNTY,MPIGI TOWN COUNCIL,KAKOOLA WARD,3445,855,4.029239766081871,406,343,29,249,606,348,503,4,357,239,224,35,0.40116959064327484,0.03391812865497076,0.41754385964912283,0.7087719298245614,0.4070175438596491,0.26198830409356727,-0.8192359378935429
MPIGI,MAWOKOTA COUNTY,MPIGI TOWN COUNCIL,KONKOMA WARD,4859,1431,3.3955276030747727,691,567,33,296,1135,916,511,4,721,218,291,28,0.39622641509433965,0.023060796645702306,0.5038434661076171,0.793151642208246,0.6401118099231307,0.20335429769392033,-0.3302148486997895
MPIGI,MAWOKOTA COUNTY,MPIGI TOWN COUNCIL,KYALI WARD,3982,1101,3.6167120799273387,464,308,19,129,972,873,217,11,313,339,247,44,0.27974568574023617,0.01725703905540418,0.28428701180744775,0.8828337874659401,0.7929155313351499,0.22434150772025432,-0.39814557890071073
MPIGI,MAWOKOTA COUNTY,MPIGI TOWN COUNCIL,LWANGA WARD,6495,1496,4.341577540106952,705,675,56,178,1318,955,531,10,846,374,304,41,0.45120320855614976,0.0374331550802139,0.5655080213903744,0.8810160427807486,0.6383689839572193,0.20320855614973263,-0.1122514033631713
MPIGI,MAWOKOTA COUNTY,MPIGI TOWN COUNCIL,MAZIBA WARD,6366,1381,4.609703113685735,602,516,43,209,1172,937,441,3,585,387,217,36,0.3736422881969587,0.031136857349746562,0.4236060825488776,0.8486603910209993,0.6784938450398262,0.15713251267197684,-0.21973971432811273
MPIGI,MAWOKOTA COUNTY,MPIGI TOWN COUNCIL,WARD A,3950,1112,3.552158273381295,513,706,67,175,937,653,458,1,974,33,123,32,0.6348920863309353,0.06025179856115108,0.8758992805755396,0.8426258992805755,0.5872302158273381,0.11061151079136691,0.4264747375707428
MPIGI,MAWOKOTA COUNTY,MPIGI TOWN COUNCIL,WARD B,4274,1240,3.446774193548387,684,793,83,35,1205,1103,137,0,940,35,99,12,0.6395161290322581,0.06693548387096775,0.7580645161290323,0.9717741935483871,0.8895161290322581,0.07983870967741935,0.9086890138993827
MPIGI,MAWOKOTA COUNTY,MPIGI TOWN COUNCIL,WARD C,3001,768,3.9075520833333335,316,314,13,87,681,589,179,0,624,27,30,32,0.4088541666666667,0.016927083333333332,0.8125,0.88671875,0.7669270833333334,0.0390625,0.391730305777628
MPIGI,MAWOKOTA COUNTY,MPIGI TOWN COUNCIL,WARD D,2811,859,3.272409778812573,370,443,68,31,828,701,157,1,700,62,97,24,0.5157159487776485,0.07916181606519208,0.8149010477299186,0.9639115250291036,0.8160651920838184,0.11292200232828871,0.6670177488256932
MPIGI,MAWOKOTA COUNTY,MUDUMA,BULEREJJE,2847,694,4.1023054755043225,316,139,14,267,427,359,319,16,62,378,172,59,0.20028818443804033,0.020172910662824207,0.0893371757925072,0.6152737752161384,0.5172910662824207,0.2478386167146974,-1.241678238414291
MPIGI,MAWOKOTA COUNTY,MUDUMA,JJEZA,5518,1571,3.5124124761298536,736,658,30,247,1324,571,985,15,847,321,229,56,0.41884150222788036,0.019096117122851686,0.539147040101846,0.8427753023551878,0.3634627625716104,0.1457670273711012,-0.4867833977073916
MPIGI,MAWOKOTA COUNTY,MUDUMA,LUGYO,23541,5808,4.053202479338843,2662,3187,375,1654,4154,4404,1376,28,3917,902,363,73,0.5487258953168044,0.06456611570247933,0.6744146005509641,0.7152203856749312,0.7582644628099173,0.0625,0.36933754296456833
MPIGI,MAWOKOTA COUNTY,MUDUMA,MAGALA,1938,540,3.588888888888889,167,68,10,323,217,256,266,18,48,224,166,62,0.1259259259259259,0.018518518518518517,0.08888888888888889,0.40185185185185185,0.4740740740740741,0.3074074074074074,-1.683944619545757
MPIGI,MAWOKOTA COUNTY,MUDUMA,MALIMA,6801,1613,4.216367017978921,825,640,76,484,1129,970,631,12,645,500,308,56,0.3967761934283943,0.047117172969621826,0.39987600743955365,0.6999380037197768,0.6013639181649101,0.19094854308741477,-0.4590973088109352
MPIGI,MAWOKOTA COUNTY,MUDUMA,MBAZZI,5511,1278,4.312206572769953,736,507,48,609,669,756,482,40,526,476,272,65,0.3967136150234742,0.03755868544600939,0.41158059467918623,0.5234741784037559,0.5915492957746479,0.21283255086071987,-0.6809288489861415
MPIGI,MAWOKOTA COUNTY,MUDUMA,TIRIBOGO,8514,2058,4.137026239067056,862,778,47,568,1490,1400,642,16,1176,377,342,80,0.3780369290573372,0.0228377065111759,0.5714285714285714,0.7240038872691934,0.6802721088435374,0.1661807580174927,-0.2600288221181718
MPIGI,MAWOKOTA COUNTY,NKOZI,BUKUNGE,4029,895,4.5016759776536315,544,323,13,303,592,311,554,30,111,481,297,69,0.36089385474860336,0.01452513966480447,0.12402234636871508,0.6614525139664804,0.3474860335195531,0.3318435754189944,-1.3383110716877888
MPIGI,MAWOKOTA COUNTY,NKOZI,GOLO,6345,1522,4.168856767411301,858,562,26,31,1491,724,766,32,632,449,294,47,0.3692509855453351,0.017082785808147174,0.4152431011826544,0.9796320630749015,0.4756898817345598,0.19316688567674112,-0.45099042319579874
MPIGI,MAWOKOTA COUNTY,NKOZI,MUGGE,7254,1933,3.752715985514744,1014,614,43,705,1228,1138,734,61,611,633,308,48,0.31764097258147955,0.02224521469218831,0.31608898085876874,0.6352819451629591,0.5887221934816348,0.15933781686497672,-0.6880137546569206
MPIGI,MAWOKOTA COUNTY,NKOZI,NINDYE,7764,1845,4.208130081300813,1029,475,42,314,1531,1004,786,55,203,840,561,79,0.25745257452574527,0.022764227642276424,0.11002710027100271,0.829810298102981,0.5441734417344174,0.3040650406504065,-1.016610432222955
MUKONO,MUKONO COUNTY,KATOSI TOWN COUNCIL,BUNAKIJJA WARD,2665,715,3.727272727272727,297,145,12,59,656,355,274,86,21,357,192,102,0.20279720279720279,0.016783216783216783,0.02937062937062937,0.9174825174825175,0.4965034965034965,0.26853146853146853,-1.07057529547972
MUKONO,MUKONO COUNTY,KATOSI TOWN COUNCIL,KALENGERA WARD,2826,798,3.5413533834586466,382,196,20,107,691,481,311,6,3,471,85,71,0.24561403508771928,0.02506265664160401,0.0037593984962406013,0.8659147869674185,0.6027568922305765,0.10651629072681704,-0.6640304069294132
MUKONO,MUKONO COUNTY,KATOSI TOWN COUNCIL,KATOSI WARD,10293,3227,3.1896498295630615,1356,1352,113,571,2656,2344,823,60,1776,458,250,90,0.4189649829563062,0.03501704369383328,0.5503563681437867,0.8230554694762938,0.7263712426402231,0.07747133560582585,0.09691618415432249
MUKONO,MUKONO COUNTY,KATOSI TOWN COUNCIL,LUGAZI WARD,5437,1606,3.3854296388542964,605,346,37,564,1042,834,624,148,28,737,461,81,0.21544209215442092,0.02303860523038605,0.017434620174346202,0.6488169364881694,0.5193026151930261,0.28704856787048566,-1.296740271546103
MUKONO,MUKONO COUNTY,KATOSI TOWN COUNCIL,NSANJA WARD,6709,1820,3.686263736263736,871,613,45,156,1664,1007,803,10,443,802,321,93,0.33681318681318684,0.024725274725274724,0.2434065934065934,0.9142857142857143,0.5532967032967033,0.17637362637362639,-0.5252310357772331
MUKONO,MUKONO COUNTY,KOOME ISLANDS,BUGOMBE,2982,1034,2.88394584139265,518,275,30,591,443,599,262,173,33,534,173,112,0.26595744680851063,0.029013539651837523,0.031914893617021274,0.4284332688588008,0.5793036750483559,0.16731141199226304,-1.1397232509955753
MUKONO,MUKONO COUNTY,KOOME ISLANDS,BUSANGA,6139,2520,2.436111111111111,1105,633,53,2398,122,1364,238,918,4,1070,698,84,0.2511904761904762,0.021031746031746033,0.0015873015873015873,0.048412698412698414,0.5412698412698412,0.276984126984127,-1.7701672532439325
MUKONO,MUKONO COUNTY,KOOME ISLANDS,LWOMOLO,5932,2481,2.3909713825070535,1014,359,17,1774,707,259,294,1928,2,1011,637,84,0.14469971785570335,0.0068520757758968156,0.0008061265618702137,0.28496573962112054,0.10439338976219266,0.25675130995566303,-2.2214340590345736
MUKONO,MUKONO COUNTY,KOOME ISLANDS,MUBEMBE,4219,1748,2.413615560640732,729,349,19,1683,65,476,714,558,3,713,514,76,0.19965675057208238,0.010869565217391304,0.0017162471395881006,0.03718535469107551,0.2723112128146453,0.2940503432494279,-2.2251126493801503
MUKONO,MUKONO COUNTY,KYAMPISI,BULIJJO,15153,3977,3.810158410862459,1889,1737,189,661,3316,3011,939,27,2030,1159,604,88,0.4367613779230576,0.04752325873774202,0.5104350012572291,0.8337943173246165,0.7571033442293186,0.1518732713100327,0.043197412955597245
MUKONO,MUKONO COUNTY,KYAMPISI,DDUNDU,14934,3976,3.756036217303823,1860,1648,208,1080,2896,2927,1034,15,1995,945,537,55,0.41448692152917505,0.052313883299798795,0.5017605633802817,0.7283702213279678,0.7361670020120724,0.13506036217303824,-0.07368520086076016
MUKONO,MUKONO COUNTY,KYAMPISI,KABEMBE,23309,6226,3.743816254416961,2911,3169,328,1577,4649,4619,1597,10,4206,899,683,65,0.5089945390298747,0.052682300032123354,0.6755541278509476,0.7467073562479923,0.7418888531962737,0.10970125281079345,0.22558062893756214
MUKONO,MUKONO COUNTY,KYAMPISI,KYABAKADDE,23333,6711,3.476829086574281,2994,3061,278,1008,5703,5070,1606,35,3758,1588,724,70,0.4561168231262107,0.041424526896140665,0.5599761585456713,0.8497988377291015,0.7554760840411265,0.10788258083743109,0.17267892445693478
MUKONO,MUKONO COUNTY,KYAMPISI,NTONTO,9219,2389,3.8589367936375054,1382,793,57,147,2242,1561,808,20,924,613,534,47,0.3319380493930515,0.02385935537881959,0.3867727082461281,0.9384679782335705,0.6534114692339891,0.22352448723315194,-0.3708303988665385
MUKONO,MUKONO COUNTY,MPATTA,KABANGA,4196,1209,3.4706368899917286,620,378,25,322,887,626,567,16,354,270,185,86,0.31265508684863524,0.0206782464846981,0.29280397022332505,0.7336641852770885,0.5177832919768404,0.15301902398676592,-0.700262369177876
MUKONO,MUKONO COUNTY,MPATTA,KIYANJA,2187,653,3.349157733537519,360,193,20,189,464,479,139,35,139,190,181,52,0.29555895865237364,0.030627871362940276,0.21286370597243492,0.7105666156202144,0.7335375191424196,0.2771822358346095,-0.7150835110311627
MUKONO,MUKONO COUNTY,MPATTA,MPATTA,3960,1164,3.402061855670103,678,374,28,296,868,795,326,43,285,448,262,97,0.32130584192439865,0.024054982817869417,0.24484536082474226,0.7457044673539519,0.6829896907216495,0.22508591065292097,-0.6197024296987576
MUKONO,MUKONO COUNTY,MPATTA,MUBANDA,3439,1126,3.0541740674955595,498,375,34,148,978,810,275,41,357,303,348,32,0.3330373001776199,0.03019538188277087,0.31705150976909413,0.8685612788632326,0.7193605683836589,0.30905861456483125,-0.52684231301159
MUKONO,MUKONO COUNTY,MPATTA,MUGOMBA,1757,457,3.8446389496717726,237,110,7,105,352,155,269,33,91,135,266,52,0.24070021881838075,0.015317286652078774,0.19912472647702406,0.7702407002188184,0.33916849015317285,0.5820568927789934,-1.7621417568454731
MUKONO,MUKONO COUNTY,MPATTA,NAKALANDA,2024,639,3.167449139280125,371,163,19,460,179,293,335,11,154,196,199,75,0.25508607198748046,0.0297339593114241,0.24100156494522693,0.28012519561815336,0.458528951486698,0.3114241001564945,-1.535430253172097
MUKONO,MUKONO COUNTY,MPATTA,TTABA,2780,812,3.4236453201970445,407,183,6,351,461,326,425,61,69,222,259,71,0.22536945812807882,0.007389162561576354,0.08497536945812807,0.5677339901477833,0.4014778325123153,0.31896551724137934,-1.5448240892221443
MUKONO,MUKONO COUNTY,MPUNGE,LULAGWE,3395,1136,2.988556338028169,458,231,10,235,901,704,328,104,2,446,277,85,0.20334507042253522,0.008802816901408451,0.0017605633802816902,0.7931338028169014,0.6197183098591549,0.2438380281690141,-1.0259662896665382
MUKONO,MUKONO COUNTY,MPUNGE,MBAZI,3947,1159,3.4055220017256254,588,242,11,212,947,474,595,90,1,647,155,61,0.2088006902502157,0.009490940465918895,0.0008628127696289905,0.817083692838654,0.4089732528041415,0.13373597929249353,-1.0729666940347817
MUKONO,MUKONO COUNTY,MPUNGE,MPUNGE,5275,1291,4.085979860573199,794,409,19,416,875,630,579,82,2,822,342,64,0.31680867544539115,0.01471727343144849,0.001549186676994578,0.6777691711851278,0.487993803253292,0.26491092176607284,-1.175082912466233
MUKONO,MUKONO COUNTY,MPUNGE,NGOMBERE,3655,1125,3.2488888888888887,397,231,21,217,908,650,423,52,39,493,287,51,0.20533333333333334,0.018666666666666668,0.034666666666666665,0.8071111111111111,0.5777777777777777,0.2551111111111111,-1.0380679669164332
MUKONO,MUKONO COUNTY,NAKISUNGA,KATENTE,5631,1535,3.6684039087947884,742,390,20,408,1127,857,651,27,344,604,499,109,0.254071661237785,0.013029315960912053,0.2241042345276873,0.7342019543973941,0.5583061889250814,0.3250814332247557,-1.0702898624675794
MUKONO,MUKONO COUNTY,NAKISUNGA,KIYOOLA,9166,2478,3.698950766747377,1210,707,30,536,1942,1502,921,55,439,1184,780,87,0.2853107344632768,0.012106537530266344,0.1771589991928975,0.7836965294592413,0.606133979015335,0.31476997578692495,-0.9438193464053416
MUKONO,MUKONO COUNTY,NAKISUNGA,KYABALOGO,9200,2561,3.5923467395548614,1132,1011,115,643,1918,1536,1011,14,1177,699,349,84,0.394767668879344,0.04490433424443577,0.4595860991800078,0.7489262007028504,0.5997657165169855,0.13627489262007028,-0.2931592965158138
MUKONO,MUKONO COUNTY,NAKISUNGA,KYETUME,9515,3196,2.977158948685857,1569,1716,281,327,2869,2078,1112,6,2461,284,225,111,0.5369211514392991,0.08792240300375469,0.7700250312891114,0.8976846057571964,0.6501877346683355,0.07040050062578222,0.48841758233871185
MUKONO,MUKONO COUNTY,NAKISUNGA,NAMAYIBA,11235,3487,3.2219673071408086,1445,1316,117,554,2933,2307,1165,15,1683,745,452,77,0.37740177803269287,0.03355319759105248,0.48264984227129337,0.8411241755090335,0.6616002294235733,0.12962431889876685,-0.15257608003185827
MUKONO,MUKONO COUNTY,NAKISUNGA,NAMUYENJE,16923,5312,3.1858057228915664,2377,2608,274,904,4408,3252,2021,39,3669,496,455,114,0.49096385542168675,0.05158132530120482,0.6907003012048193,0.8298192771084337,0.6121987951807228,0.08565512048192771,0.16701738239633318
MUKONO,MUKONO COUNTY,NAKISUNGA,SEETA-NAZIGO,9646,2977,3.2401746724890828,1584,1030,81,422,2555,1568,1383,26,1305,676,818,75,0.34598589183742023,0.02720859926100101,0.4383607658716829,0.8582465569365133,0.5267047363117232,0.274773261672825,-0.6259669134087785
MUKONO,MUKONO COUNTY,NAKISUNGA,WANKOBA,8513,2448,3.477532679738562,1281,717,89,431,2017,1364,1061,23,553,1064,514,103,0.2928921568627451,0.0363562091503268,0.22589869281045752,0.823937908496732,0.5571895424836601,0.2099673202614379,-0.6995666196876855
MUKONO,MUKONO COUNTY,NAMA,BULIIKA,9710,2903,3.344815707888391,1431,1047,94,373,2530,1804,1046,53,1218,830,407,77,0.3606613847743713,0.03238029624526352,0.4195659662418188,0.8715122287289011,0.6214261109197382,0.14019979331725801,-0.2571181350100392
MUKONO,MUKONO COUNTY,NAMA,KASENGE,15024,4801,3.129348052489065,1777,2192,212,411,4390,3726,1070,5,3725,366,213,98,0.45657154759425117,0.04415746719433451,0.7758800249947928,0.9143928348260779,0.7760883149343887,0.04436575713393043,0.5124284915882745
MUKONO,MUKONO COUNTY,NAMA,KATOOGO,6587,1963,3.3555781966377993,1042,630,38,102,1861,1202,724,37,326,872,469,96,0.32093734080489045,0.01935812531839022,0.1660723382577687,0.9480387162506367,0.6123280692817117,0.23892002037697402,-0.6083673620149478
MUKONO,MUKONO COUNTY,NAMA,MPOMA,17230,5506,3.1293134762077734,2600,2592,476,525,4981,4264,1184,58,3361,638,610,71,0.4707591718125681,0.08645114420632037,0.6104249909189975,0.9046494733018525,0.7744278968398112,0.11078823102070469,0.38928746614838333
MUKONO,MUKONO COUNTY,NAMA,NAMAWOJJOLO,16710,5691,2.9362150764364787,2355,2692,251,496,5195,4305,1349,37,4310,342,275,94,0.47302758741873135,0.04410472676155333,0.7573361447900193,0.9128448427341417,0.7564575645756457,0.04832191179054648,0.4882102908332964
MUKONO,MUKONO COUNTY,NAMA,NAMUBIRU,27655,8232,3.3594509232264333,3959,5078,561,567,7665,6432,1780,20,6768,516,297,83,0.6168610301263362,0.06814868804664723,0.8221574344023324,0.9311224489795918,0.7813411078717201,0.036078717201166184,0.8284796760814779
MUKONO,MUKONO COUNTY,NTENJERU-KISOGA TOWN COUNCIL,BUGOYE WARD,3211,976,3.2899590163934427,499,269,13,242,734,469,451,56,229,225,250,80,0.27561475409836067,0.01331967213114754,0.2346311475409836,0.7520491803278688,0.4805327868852459,0.25614754098360654,-1.0009555144202247
MUKONO,MUKONO COUNTY,NTENJERU-KISOGA TOWN COUNCIL,KISOGA WARD,12826,4181,3.0676871561827315,1762,1859,111,407,3774,2826,1344,11,2950,489,313,87,0.4446304711791437,0.02654867256637168,0.7055728294666348,0.9026548672566371,0.6759148529060034,0.07486247309256158,0.22854603861355843
MUKONO,MUKONO COUNTY,NTENJERU-KISOGA TOWN COUNCIL,MAZIBA WARD,1373,386,3.55699481865285,204,102,11,60,326,274,102,10,6,237,93,86,0.26424870466321243,0.02849740932642487,0.015544041450777202,0.844559585492228,0.7098445595854922,0.24093264248704663,-0.7366850932745679
MUKONO,MUKONO COUNTY,NTENJERU-KISOGA TOWN COUNCIL,MPUMU WARD,3065,902,3.3980044345898004,443,244,17,142,760,541,359,2,277,306,203,86,0.270509977827051,0.018847006651884702,0.3070953436807095,0.8425720620842572,0.5997782705099778,0.22505543237250555,-0.666450616423887
MUKONO,MUKONO COUNTY,NTENJERU-KISOGA TOWN COUNCIL,NTENJERU-NTANZI WARD,6324,2018,3.1337958374628343,1028,724,67,318,1700,1186,810,22,821,567,344,78,0.3587710604558969,0.033201189296333006,0.4068384539147671,0.8424182358771061,0.5877106045589693,0.17046580773042616,-0.3843999465529498
MUKONO,MUKONO COUNTY,NTENJERU-KISOGA TOWN COUNCIL,SSAAYI WARD,4283,1211,3.536746490503716,654,329,28,200,1011,774,421,16,118,688,364,81,0.27167630057803466,0.023121387283236993,0.09744013212221304,0.8348472336911643,0.639141205615194,0.30057803468208094,-0.8793988688188457
MUKONO,MUKONO COUNTY,NTENJERU-KISOGA TOWN COUNCIL,TERERE WARD,3418,1054,3.242884250474383,479,217,14,248,806,337,706,11,177,401,389,85,0.20588235294117646,0.013282732447817837,0.16793168880455409,0.7647058823529411,0.31973434535104367,0.36907020872865276,-1.5055810257617859
MUKONO,MUKONO MUNICIPALITY,GOMA DIVISION,BUKERERE WARD,39046,10853,3.597714917534322,4863,6018,1083,1778,9075,8364,2434,55,7483,1534,611,107,0.5545010596148531,0.0997880770293928,0.6894867778494426,0.83617432967843,0.7706624896342025,0.05629779784391412,0.5976564534425307
MUKONO,MUKONO MUNICIPALITY,GOMA DIVISION,MISINDYE WARD,34483,9473,3.6401351208698407,4531,6420,1862,457,9016,7785,1670,18,8490,321,242,66,0.6777156127942574,0.19655864034624723,0.896231394489602,0.9517576269397234,0.8218093528977093,0.025546289454238362,1.3143341497904402
MUKONO,MUKONO MUNICIPALITY,GOMA DIVISION,NANTABULIRWA WARD,41400,14182,2.919193343675081,6645,8906,1843,771,13411,10847,3308,27,12732,484,242,85,0.6279791284727119,0.12995346213510084,0.8977577210548583,0.9456353123677902,0.764842758426174,0.017063883796361586,1.0494875000717168
MUKONO,MUKONO MUNICIPALITY,GOMA DIVISION,NYENJE WARD,26106,7738,3.3737399844921168,3447,4675,1023,537,7201,5988,1733,17,6404,457,307,108,0.6041612819850091,0.1322047040578961,0.8276040320496252,0.9306022227965882,0.7738433703799431,0.039674334453347115,0.9379842494822318
MUKONO,MUKONO MUNICIPALITY,GOMA DIVISION,SEETA WARD,40198,11630,3.4564058469475496,5673,8233,1994,480,11150,9868,1736,26,10751,210,181,61,0.7079105760963027,0.1714531384350817,0.9244196044711952,0.9587274290627688,0.8484952708512468,0.015563198624247635,1.3724223351620946
MUKONO,MUKONO MUNICIPALITY,MUKONO CENTRAL DIVISION,GGULU WARD,28829,9508,3.0320782498948256,4246,6104,922,420,9088,7591,1906,11,8498,189,183,77,0.6419856962557846,0.09697097181320993,0.8937736642827093,0.9558266722759782,0.7983803113167859,0.019246949936895245,1.0404067241083288
MUKONO,MUKONO MUNICIPALITY,MUKONO CENTRAL DIVISION,NAMUMIRA/ANTHONY WARD,38998,12711,3.068051294154669,5339,7503,1076,1071,11640,9665,2996,50,11058,460,356,104,0.5902761387774369,0.08465108960742664,0.8699551569506726,0.9157422704743923,0.7603650381559279,0.028007237825505467,0.8363447601426117
MUKONO,MUKONO MUNICIPALITY,MUKONO CENTRAL DIVISION,NSUUBE/KAUGA WARD,24850,7884,3.1519533231862,3425,4721,1183,681,7203,6000,1877,7,6847,374,291,109,0.5988077118214105,0.15005073566717403,0.8684677828513445,0.9136225266362252,0.76103500761035,0.03691019786910198,0.9701704136942217
MUKONO,MUKONO MUNICIPALITY,MUKONO CENTRAL DIVISION,NTAWO WARD,25841,7747,3.3356137859816704,3807,5256,1043,604,7143,6252,1485,10,6848,250,181,100,0.6784561765844843,0.13463276106880082,0.8839550793855686,0.9220343358719504,0.8070220730605395,0.02336388279333936,1.132750946095488
MUKONO,NAKIFUMA COUNTY,KASAWO,KAKUKUULU,5092,1492,3.4128686327077746,726,375,15,35,1457,591,860,41,303,695,432,63,0.25134048257372654,0.010053619302949061,0.20308310991957104,0.9765415549597856,0.396112600536193,0.289544235924933,-1.0139596462168652
MUKONO,NAKIFUMA COUNTY,KASAWO,KASANA,4485,1340,3.3470149253731343,542,219,18,28,1312,465,849,26,65,706,343,66,0.16343283582089552,0.013432835820895522,0.048507462686567165,0.9791044776119403,0.34701492537313433,0.25597014925373135,-1.2207027994600177
MUKONO,NAKIFUMA COUNTY,KASAWO,KIGOGOLA,6727,1887,3.564917859035506,884,460,27,31,1856,1066,699,122,439,730,415,97,0.24377318494965552,0.014308426073131956,0.23264440911499734,0.9835718071012188,0.5649178590355061,0.21992580816110227,-0.6648286304147828
MUKONO,NAKIFUMA COUNTY,KASAWO,NAMALIRI,9767,2970,3.2885521885521887,1178,973,53,54,2916,1781,1166,23,1002,949,486,81,0.32760942760942763,0.017845117845117844,0.3373737373737374,0.9818181818181818,0.5996632996632997,0.16363636363636364,-0.3491551189472159
MUKONO,NAKIFUMA COUNTY,KASAWO TOWN COUNCIL,KABIMBIRI A WARD,6037,1528,3.950916230366492,516,506,26,44,1484,1067,455,6,811,324,333,89,0.331151832460733,0.017015706806282723,0.5307591623036649,0.9712041884816754,0.6982984293193717,0.21793193717277487,-0.19633300585601401
MUKONO,NAKIFUMA COUNTY,KASAWO TOWN COUNCIL,KABIMBIRI B WARD,2864,754,3.7984084880636604,303,310,9,14,740,655,97,2,401,145,139,60,0.41114058355437666,0.011936339522546418,0.5318302387267905,0.9814323607427056,0.8687002652519894,0.1843501326259947,0.16722906509575797
MUKONO,NAKIFUMA COUNTY,KASAWO TOWN COUNCIL,KASAWO WARD,2630,729,3.607681755829904,329,311,30,77,652,611,115,3,413,147,206,59,0.42661179698216734,0.0411522633744856,0.5665294924554184,0.8943758573388203,0.8381344307270233,0.2825788751714678,-0.007914323275848099
MUKONO,NAKIFUMA COUNTY,KASAWO TOWN COUNCIL,KASENGE WARD,4575,1262,3.6251980982567353,563,615,29,46,1216,1052,205,5,770,189,202,85,0.4873217115689382,0.022979397781299524,0.6101426307448494,0.9635499207606973,0.8335974643423137,0.1600633914421553,0.3181652980559883
MUKONO,NAKIFUMA COUNTY,KASAWO TOWN COUNCIL,KITALE WARD,6930,1908,3.6320754716981134,849,702,35,181,1727,1149,754,5,907,424,397,79,0.36792452830188677,0.018343815513626835,0.4753668763102725,0.9051362683438156,0.6022012578616353,0.2080712788259958,-0.346835837564447
MUKONO,NAKIFUMA COUNTY,KASAWO TOWN COUNCIL,KITOVU WARD,2756,722,3.817174515235457,288,177,8,20,702,390,322,10,106,352,140,60,0.2451523545706371,0.0110803324099723,0.14681440443213298,0.9722991689750693,0.5401662049861495,0.19390581717451524,-0.7246595615038
MUKONO,NAKIFUMA COUNTY,KIMENYEDDE,BUKASA,7193,2154,3.339368616527391,1078,526,47,205,1949,1273,854,27,311,886,550,91,0.24419684308263695,0.02181987000928505,0.14438254410399257,0.9048282265552461,0.5909935004642526,0.255338904363974,-0.8053590911789066
MUKONO,NAKIFUMA COUNTY,KIMENYEDDE,KAWONGO,7911,2152,3.6761152416356877,1110,716,39,182,1970,1454,679,19,716,733,647,82,0.33271375464684017,0.01812267657992565,0.33271375464684017,0.9154275092936803,0.6756505576208178,0.3006505576208178,-0.5398408951241983
MUKONO,NAKIFUMA COUNTY,KIMENYEDDE,KIWAFU,6487,1769,3.6670435274166198,992,381,27,280,1489,897,826,46,185,827,516,101,0.215375918598078,0.015262860373092142,0.10457885811192764,0.8417184850197852,0.5070661390616167,0.2916902204635387,-1.1026508126134462
MUKONO,NAKIFUMA COUNTY,KIMENYEDDE,NANGA,9460,2622,3.6079328756674296,1323,857,102,364,2258,1853,744,25,786,990,468,81,0.32684973302822273,0.038901601830663615,0.2997711670480549,0.8611746758199847,0.7067124332570557,0.17848970251716248,-0.33278441812406784
MUKONO,NAKIFUMA COUNTY,NAGOJJE,KYAJJA,3087,1267,2.43646408839779,461,159,15,37,1230,440,771,56,24,608,254,86,0.1254932912391476,0.011838989739542225,0.018942383583267563,0.9707971586424625,0.3472770323599053,0.20047355958958168,-1.205823554112979
MUKONO,NAKIFUMA COUNTY,NAGOJJE,NAGOJJE,6468,1805,3.5833795013850414,816,464,29,203,1602,1014,719,72,452,651,605,75,0.25706371191135735,0.016066481994459834,0.25041551246537397,0.8875346260387812,0.5617728531855956,0.33518005540166207,-0.915491079615284
MUKONO,NAKIFUMA COUNTY,NAGOJJE,NAKIBANO,4547,1295,3.5111969111969112,583,252,23,157,1138,641,632,22,93,596,290,46,0.1945945945945946,0.01776061776061776,0.07181467181467181,0.8787644787644787,0.49498069498069497,0.22393822393822393,-1.013447698287693
MUKONO,NAKIFUMA COUNTY,NAGOJJE,WAGGALA,6929,2178,3.181359044995409,866,367,22,242,1936,1091,998,89,18,1093,744,99,0.1685032139577594,0.010101010101010102,0.008264462809917356,0.8888888888888888,0.5009182736455464,0.3415977961432507,-1.2833301442110916
MUKONO,NAKIFUMA COUNTY,NAKIFUMA-NAGGALAMA TOWN COUNCIL,BAMUSUUTA-RURAL WARD,7059,2064,3.4200581395348837,1003,698,44,102,1962,1245,809,10,853,621,499,60,0.3381782945736434,0.02131782945736434,0.4132751937984496,0.9505813953488372,0.6031976744186046,0.24176356589147288,-0.4319594626768317
MUKONO,NAKIFUMA COUNTY,NAKIFUMA-NAGGALAMA TOWN COUNCIL,BANDAALI WARD,6486,1821,3.5617792421746293,899,626,55,127,1694,1188,618,15,564,750,377,68,0.34376716090060405,0.030203185063152116,0.30971993410214166,0.9302580999450851,0.6523887973640856,0.2070291048874245,-0.3752099877998471
MUKONO,NAKIFUMA COUNTY,NAKIFUMA-NAGGALAMA TOWN COUNCIL,BUBIRO WARD,4022,1246,3.2279293739967896,603,547,42,183,1063,1031,215,0,826,184,204,76,0.4390048154093098,0.033707865168539325,0.6629213483146067,0.8531300160513644,0.8274478330658106,0.1637239165329053,0.20231430953029197
MUKONO,NAKIFUMA COUNTY,NAKIFUMA-NAGGALAMA TOWN COUNCIL,KIGAGA-JOMAYI WARD,4617,1207,3.8251864125932062,599,564,32,87,1120,812,386,9,562,434,206,62,0.46727423363711684,0.026512013256006627,0.4656172328086164,0.927920463960232,0.6727423363711682,0.17067108533554268,-0.04321368448260093
MUKONO,NAKIFUMA COUNTY,NAKIFUMA-NAGGALAMA TOWN COUNCIL,MAKUKUBA WARD,6569,2141,3.0681924334423165,994,446,27,552,1589,841,1252,48,153,968,737,82,0.20831387202241944,0.012610929472209247,0.07146193367585241,0.742176553012611,0.3928070994862214,0.3442316674451191,-1.4575651308320725
MUKONO,NAKIFUMA COUNTY,NAKIFUMA-NAGGALAMA TOWN COUNCIL,NABALANGA RURAL WARD,4911,1291,3.804027885360186,497,245,22,77,1214,868,405,18,91,645,468,95,0.18977536793183578,0.017041053446940357,0.0704879938032533,0.9403563129357088,0.6723470178156468,0.3625096824167312,-0.9776840301265539
MUKONO,NAKIFUMA COUNTY,NAKIFUMA-NAGGALAMA TOWN COUNCIL,NAGGALAMA A WARD,8430,2465,3.4198782961460448,1137,1235,115,296,2169,1826,637,2,1619,401,231,70,0.5010141987829615,0.04665314401622718,0.6567951318458418,0.8799188640973631,0.7407707910750507,0.09371196754563894,0.33674508575885703
MUKONO,NAKIFUMA COUNTY,NAKIFUMA-NAGGALAMA TOWN COUNCIL,NAGGALAMA B WARD,4740,1375,3.4472727272727273,615,550,97,213,1162,933,441,1,804,262,254,42,0.4,0.07054545454545455,0.5847272727272728,0.8450909090909091,0.6785454545454546,0.18472727272727274,-0.044457216478668016
MUKONO,NAKIFUMA COUNTY,NAKIFUMA-NAGGALAMA TOWN COUNCIL,NAKANYONYI-NABBALE WARD,7577,2357,3.2146796775562154,1201,784,58,577,1780,1554,781,22,578,1083,533,72,0.3326262197708952,0.02460755197284684,0.24522698345354263,0.7551972846839202,0.6593126856173102,0.2261349172677132,-0.6264844289363951
MUKONO,NAKIFUMA COUNTY,NAKIFUMA-NAGGALAMA TOWN COUNCIL,NAKIFUMA WARD,8221,2643,3.11048051456678,1040,1249,63,130,2513,2075,566,2,2018,174,134,58,0.47256905032160423,0.02383654937570942,0.7635262958758986,0.9508134695421869,0.7850926976920166,0.05069996216420734,0.514174198522059
MUKONO,NAKIFUMA COUNTY,NAKIFUMA-NAGGALAMA TOWN COUNCIL,NANKULABYE WARD,3528,1061,3.3251649387370406,449,532,71,49,1012,636,425,0,832,92,85,54,0.5014137606032045,0.06691800188501414,0.7841658812441094,0.9538171536286523,0.5994344957587182,0.08011310084825636,0.3813957578990862
MUKONO,NAKIFUMA COUNTY,NAMATABA TOWN COUNCIL,NAMAGUNGA ANNEX WARD,2416,656,3.682926829268293,363,173,17,93,563,420,232,4,141,236,173,66,0.26371951219512196,0.025914634146341462,0.2149390243902439,0.8582317073170732,0.6402439024390244,0.26371951219512196,-0.7212090787145248
MUKONO,NAKIFUMA COUNTY,NAMATABA TOWN COUNCIL,NAMAGUNGA WARD,6744,1949,3.4602360184710106,1089,1203,112,244,1705,1774,163,12,1606,95,129,85,0.6172396100564392,0.057465366854797334,0.8240123140071832,0.874807593637763,0.9102103642893792,0.06618778860954336,0.8645714724168584
MUKONO,NAKIFUMA COUNTY,NAMATABA TOWN COUNCIL,NAMATABA A WARD,9684,2873,3.370692655760529,1151,1496,222,238,2635,2266,595,12,2349,288,181,101,0.5207100591715976,0.07727114514444831,0.8176122520013923,0.9171597633136095,0.788722589627567,0.06300034806822137,0.6776598156056006
MUKONO,NAKIFUMA COUNTY,NAMATABA TOWN COUNCIL,NAMATABA B WARD,3357,991,3.3874873864783046,443,255,10,112,879,476,501,14,151,456,283,97,0.25731584258324924,0.010090817356205853,0.15237134207870837,0.8869828456104945,0.4803229061553986,0.28557013118062563,-1.011553921950654
MUKONO,NAKIFUMA COUNTY,NTUNDA,KATEETE,1715,484,3.543388429752066,203,57,3,55,429,143,321,20,1,228,187,37,0.11776859504132231,0.006198347107438017,0.002066115702479339,0.8863636363636364,0.29545454545454547,0.38636363636363635,-1.688044603307388
MUKONO,NAKIFUMA COUNTY,NTUNDA,KYABAZAALA,5436,1330,4.087218045112782,669,394,15,111,1219,743,573,14,455,374,440,96,0.2962406015037594,0.011278195488721804,0.34210526315789475,0.9165413533834587,0.5586466165413534,0.3308270676691729,-0.7864562855292694
MUKONO,NAKIFUMA COUNTY,NTUNDA,NAMAYUBA,2870,759,3.7812911725955205,432,114,7,44,715,359,384,16,18,392,292,81,0.15019762845849802,0.00922266139657444,0.023715415019762844,0.9420289855072463,0.47299077733860345,0.3847167325428195,-1.3551820022405663
MUKONO,NAKIFUMA COUNTY,NTUNDA,NTUNDA,6148,1744,3.5252293577981653,803,295,26,172,1572,820,900,24,296,655,520,84,0.169151376146789,0.014908256880733946,0.16972477064220184,0.9013761467889908,0.4701834862385321,0.2981651376146789,-1.1190910755846204
MUKONO,NAKIFUMA COUNTY,SEETA - NAMUGANGA,KAYINI,5666,1495,3.7899665551839465,623,251,10,10,1485,728,733,34,3,778,592,76,0.16789297658862876,0.006688963210702341,0.002006688963210702,0.9933110367892977,0.48695652173913045,0.3959866220735786,-1.308007769643315
MUKONO,NAKIFUMA COUNTY,SEETA - NAMUGANGA,KITALE,4067,1082,3.758780036968577,510,236,10,30,1052,436,618,28,58,489,416,108,0.21811460258780038,0.009242144177449169,0.053604436229205174,0.9722735674676525,0.4029574861367837,0.3844731977818854,-1.3094169408326337
MUKONO,NAKIFUMA COUNTY,SEETA - NAMUGANGA,KITUULA,5793,1494,3.8775100401606424,771,359,10,59,1435,723,744,27,266,537,740,110,0.24029451137884872,0.006693440428380187,0.17804551539491298,0.9605087014725568,0.4839357429718876,0.49531459170013387,-1.29977458809895
MUKONO,NAKIFUMA COUNTY,SEETA - NAMUGANGA,NAMANOGA,8319,2127,3.9111424541607898,1114,418,17,82,2045,961,1042,124,7,1262,759,98,0.19652092148566055,0.007992477668077104,0.003291020216267043,0.9614480488951574,0.4518100611189469,0.35684062059238364,-1.2761626466935665
MUKONO,NAKIFUMA COUNTY,SEETA - NAMUGANGA,NAMUGANGA,7502,1934,3.8790072388831436,803,313,23,26,1908,1104,767,63,137,866,540,65,0.16184074457083764,0.011892450879007239,0.07083764219234746,0.9865563598759048,0.5708376421923474,0.2792140641158221,-0.9675566919607647
WAKISO,BUSIRO COUNTY,BUSSI,BALABALA,3441,1107,3.1084010840108403,353,174,12,646,461,124,727,256,14,452,481,59,0.15718157181571815,0.01084010840108401,0.012646793134598013,0.4164408310749774,0.1120144534778681,0.43450767841011745,-2.3557094468341164
WAKISO,BUSIRO COUNTY,BUSSI,BUSSI/KISABA,2920,891,3.277216610549944,417,238,22,65,826,371,480,40,57,477,190,67,0.2671156004489338,0.024691358024691357,0.06397306397306397,0.9270482603815937,0.4163860830527497,0.2132435465768799,-0.9490379184547414
WAKISO,BUSIRO COUNTY,BUSSI,GULWE,3598,1489,2.4163868368032237,496,275,31,284,1205,902,515,72,32,504,341,36,0.18468770987239758,0.020819341840161182,0.021490933512424447,0.8092679650772331,0.6057756883814641,0.229012760241773,-0.9880224438327143
WAKISO,BUSIRO COUNTY,BUSSI,TEBANKIZA,2496,755,3.305960264900662,385,221,20,96,659,273,424,58,19,443,208,39,0.29271523178807946,0.026490066225165563,0.025165562913907286,0.8728476821192053,0.3615894039735099,0.27549668874172184,-1.1594718399070612
WAKISO,BUSIRO COUNTY,BUSSI,ZZINGA,3009,1062,2.8333333333333335,390,201,7,339,723,679,306,77,23,587,225,39,0.18926553672316385,0.006591337099811676,0.021657250470809793,0.6807909604519774,0.6393596986817326,0.211864406779661,-1.059893339205382
WAKISO,BUSIRO COUNTY,KAJJANSI TOWN COUNCIL,BULWANYI WARD,4570,1425,3.2070175438596493,673,566,67,174,1251,1142,277,6,808,254,134,65,0.3971929824561404,0.047017543859649125,0.5670175438596491,0.8778947368421053,0.8014035087719298,0.09403508771929825,0.221501428769463
WAKISO,BUSIRO COUNTY,KAJJANSI TOWN COUNCIL,BWEYA WARD,20480,5738,3.569187870338097,2450,3702,843,382,5356,4981,750,7,5074,93,145,59,0.6451725339839666,0.14691530149878007,0.884280237016382,0.9334262809341234,0.8680724991286163,0.025270128964796097,1.2004103514555649
WAKISO,BUSIRO COUNTY,KAJJANSI TOWN COUNCIL,KITENDE WARD,37761,10506,3.5942318675042833,4871,6980,1609,1011,9495,8571,1921,14,9587,155,217,96,0.664382257757472,0.15315058062059775,0.9125261755187511,0.9037692747001713,0.8158195316961736,0.020654863887302494,1.172723743405199
WAKISO,BUSIRO COUNTY,KAJJANSI TOWN COUNCIL,NAKAWUKA WARD,8066,2536,3.1805993690851735,1156,1271,96,386,2150,1779,745,12,1781,228,183,60,0.5011829652996845,0.03785488958990536,0.7022870662460567,0.8477917981072555,0.7014984227129337,0.0721608832807571,0.30660129867281083
WAKISO,BUSIRO COUNTY,KAJJANSI TOWN COUNCIL,NAMULANDA WARD,22451,6661,3.3705149376970427,2964,4164,1263,616,6045,5366,1286,9,5617,132,204,71,0.6251313616574088,0.18961116949406995,0.8432667767602462,0.9075213931842065,0.8055847470349797,0.030626032127308214,1.1304486501879605
WAKISO,BUSIRO COUNTY,KAJJANSI TOWN COUNCIL,NANKONGE WARD,3806,1162,3.2753872633390704,616,422,44,98,1064,759,395,8,508,258,160,115,0.36316695352839934,0.0378657487091222,0.43717728055077454,0.9156626506024096,0.653184165232358,0.13769363166953527,-0.14711530834013145
WAKISO,BUSIRO COUNTY,KAJJANSI TOWN COUNCIL,NGONGOLO WARD,5763,1650,3.4927272727272727,804,715,86,319,1331,1254,390,6,1019,204,148,28,0.43333333333333335,0.052121212121212124,0.6175757575757576,0.8066666666666666,0.76,0.08969696969696969,0.20223785188828786
WAKISO,BUSIRO COUNTY,KAJJANSI TOWN COUNCIL,NKUNGULUTALE WARD,9644,3001,3.213595468177274,1458,1646,189,656,2345,2171,822,8,2243,158,148,68,0.5484838387204265,0.06297900699766744,0.7474175274908363,0.781406197934022,0.7234255248250583,0.04931689436854382,0.4535012117068311
WAKISO,BUSIRO COUNTY,KAJJANSI TOWN COUNCIL,NSANGU WARD,8016,2150,3.728372093023256,865,1061,92,249,1901,1471,675,4,1502,133,158,44,0.49348837209302326,0.04279069767441861,0.6986046511627907,0.8841860465116279,0.684186046511628,0.07348837209302325,0.3148305764761764
WAKISO,BUSIRO COUNTY,KAJJANSI TOWN COUNCIL,SSISA WARD,6570,1765,3.7223796033994336,861,823,196,274,1491,1446,313,6,1202,190,158,62,0.46628895184135977,0.11104815864022663,0.6810198300283287,0.8447592067988668,0.8192634560906515,0.08951841359773371,0.5194115176131647
WAKISO,BUSIRO COUNTY,KAJJANSI TOWN COUNCIL,WAMALA WARD,6293,1757,3.5816733067729083,876,919,224,130,1627,1505,245,7,1368,108,123,51,0.5230506545247581,0.12749003984063745,0.7785998861696073,0.9260102447353443,0.8565737051792829,0.07000569151963575,0.8421122946434795
WAKISO,BUSIRO COUNTY,KAKIRI,BUWANUKA,7096,2074,3.421407907425265,826,650,64,499,1575,1281,766,27,699,580,324,60,0.313404050144648,0.03085824493731919,0.33702989392478305,0.7594021215043394,0.6176470588235294,0.1562198649951784,-0.5071086948250729
WAKISO,BUSIRO COUNTY,KAKIRI,KAMULI,4033,1180,3.4177966101694914,557,476,48,103,1077,537,634,9,615,263,145,73,0.4033898305084746,0.04067796610169491,0.5211864406779662,0.9127118644067796,0.45508474576271185,0.1228813559322034,-0.2572130099183923
WAKISO,BUSIRO COUNTY,KAKIRI,KIKANDWA,14330,4223,3.3933222827373903,1766,1447,145,741,3482,2683,1429,111,1845,1056,500,59,0.34264740705659485,0.03433578025100639,0.4368932038834951,0.8245323229931328,0.6353303338858631,0.11839924224484963,-0.2531469612734792
WAKISO,BUSIRO COUNTY,KAKIRI,LUBBE,3357,869,3.863060989643268,361,248,27,147,722,539,313,17,267,259,169,95,0.285385500575374,0.031070195627157654,0.30724971231300346,0.8308400460299195,0.620253164556962,0.19447640966628307,-0.556447633426512
WAKISO,BUSIRO COUNTY,KAKIRI,LUWUNGA,7475,2011,3.7170561909497764,746,811,108,325,1686,1555,445,11,1183,289,234,78,0.4032819492789657,0.05370462456489309,0.5882645450024864,0.8383888612630532,0.773247140726007,0.11636001989060168,0.14982558890092817
WAKISO,BUSIRO COUNTY,KAKIRI,MAGOGGO,5539,1612,3.4361042183622827,685,295,35,409,1203,756,704,152,26,801,521,66,0.18300248138957817,0.021712158808933003,0.016129032258064516,0.7462779156327544,0.46898263027295284,0.3232009925558313,-1.3738308093018583
WAKISO,BUSIRO COUNTY,KAKIRI,NAMPUNGE,9614,2819,3.4104292302234835,1396,1021,132,471,2348,2117,684,18,1136,741,429,70,0.3621851720468251,0.04682511528910961,0.40297978006385243,0.8329194749911316,0.7509755232351898,0.15218162468960625,-0.13095829916848728
WAKISO,BUSIRO COUNTY,KAKIRI,SENTEMA,11346,3037,3.735923608824498,1348,1335,172,392,2645,2358,659,20,1717,614,268,76,0.43957853144550546,0.05663483701020744,0.5653605531774778,0.8709252551860388,0.7764241027329601,0.08824497859729996,0.26600633292755066
WAKISO,BUSIRO COUNTY,KAKIRI TOWN COUNCIL,BUKALANGO WARD,2999,780,3.844871794871795,379,383,69,115,665,698,79,3,524,94,64,60,0.491025641025641,0.08846153846153847,0.6717948717948717,0.8525641025641025,0.8948717948717949,0.08205128205128205,0.6080164329697032
WAKISO,BUSIRO COUNTY,KAKIRI TOWN COUNCIL,BUSUJJA WARD,6154,1635,3.763914373088685,830,819,98,216,1419,1238,388,9,1014,305,131,78,0.5009174311926605,0.0599388379204893,0.6201834862385321,0.8678899082568807,0.7571865443425077,0.0801223241590214,0.3725468029576759
WAKISO,BUSIRO COUNTY,KAKIRI TOWN COUNCIL,KAKIRI WARD,4147,1226,3.3825448613376836,549,642,82,143,1083,972,252,2,989,79,50,33,0.5236541598694943,0.06688417618270799,0.8066884176182708,0.8833605220228385,0.7928221859706363,0.040783034257748776,0.6629485429381918
WAKISO,BUSIRO COUNTY,KAKIRI TOWN COUNCIL,KIKUBAMPANGA WARD,8150,2541,3.2073986619441164,1128,1562,205,293,2248,1941,597,3,2202,108,80,56,0.6147186147186147,0.08067689885871704,0.8665879574970484,0.8846910665092483,0.7638724911452184,0.03148366784730421,0.8261143883593497
WAKISO,BUSIRO COUNTY,KAKIRI TOWN COUNCIL,LUGEYE WARD,3210,846,3.7943262411347516,414,416,99,118,728,679,161,6,496,150,81,75,0.491725768321513,0.11702127659574468,0.5862884160756501,0.8605200945626478,0.8026004728132388,0.09574468085106383,0.4841577566893303
WAKISO,BUSIRO COUNTY,KAKIRI TOWN COUNCIL,NAKYERONGOSA WARD,6131,1763,3.477595008508225,781,857,106,315,1448,1391,368,4,1132,286,108,46,0.48610323312535453,0.06012478729438457,0.6420873511060692,0.8213272830402722,0.7889960294951787,0.061259217243335225,0.39726283855122185
WAKISO,BUSIRO COUNTY,KASANJE TOWN COUNCIL,BULUMBU,5897,1779,3.3147835862844293,889,501,29,870,909,1263,485,31,666,387,488,57,0.28161888701517707,0.016301292861157952,0.37436762225969644,0.5109612141652614,0.7099494097807757,0.27431141090500283,-0.8615192991863251
WAKISO,BUSIRO COUNTY,KASANJE TOWN COUNCIL,JUNGO,8578,2821,3.040765685926976,1298,837,88,658,2163,2330,468,23,963,785,415,66,0.2967032967032967,0.03119461183977313,0.34136830911024457,0.7667493796526055,0.825948245303084,0.14711095356256645,-0.2460751678519331
WAKISO,BUSIRO COUNTY,KASANJE TOWN COUNCIL,KASANJE,8429,2589,3.2556971803785246,1369,1043,66,407,2182,1581,993,15,1397,523,337,57,0.402858246427192,0.02549246813441483,0.5395905755117806,0.8427964465044419,0.6106604866743917,0.13016608729239088,-0.16249947351473706
WAKISO,BUSIRO COUNTY,KASANJE TOWN COUNCIL,MAKO,3072,1018,3.017681728880157,530,372,30,348,670,652,343,23,508,213,210,68,0.3654223968565815,0.029469548133595286,0.49901768172888017,0.6581532416502947,0.6404715127701375,0.206286836935167,-0.4851394264095004
WAKISO,BUSIRO COUNTY,KASANJE TOWN COUNCIL,SOKOLO,4667,1571,2.970719287078294,705,649,46,371,1200,753,816,2,812,277,345,56,0.41311266709102484,0.02928071292170592,0.5168682367918523,0.7638446849140674,0.47931253978357735,0.2196053469127944,-0.5388230272492347
WAKISO,BUSIRO COUNTY,KASANJE TOWN COUNCIL,SSAZI,6059,2080,2.9129807692307694,947,819,72,403,1677,1378,670,32,956,491,271,32,0.39375,0.03461538461538462,0.4596153846153846,0.80625,0.6625,0.13028846153846155,-0.1771381977503511
WAKISO,BUSIRO COUNTY,KASANJE TOWN COUNCIL,ZZIBA,3566,1178,3.027164685908319,704,404,23,113,1065,861,307,10,453,360,200,57,0.34295415959252973,0.019524617996604415,0.3845500848896435,0.9040747028862479,0.730899830220713,0.1697792869269949,-0.21467870397125
WAKISO,BUSIRO COUNTY,KATABI TOWN COUNCIL,KABAALE WARD,30074,9097,3.305925030229746,4267,6251,1273,443,8654,7589,1500,8,8329,147,159,73,0.6871496097614598,0.13993624271737937,0.9155765637023194,0.9513026272397493,0.8342310651863252,0.017478289546004177,1.2458139672843005
WAKISO,BUSIRO COUNTY,KATABI TOWN COUNCIL,KISUBI WARD,30197,9651,3.1288985597347425,4746,5848,1263,853,8798,7902,1708,41,8080,380,316,56,0.6059475701999792,0.130867267640659,0.837218941042379,0.9116153766449072,0.8187752564501088,0.032742720961558384,0.9932362803008102
WAKISO,BUSIRO COUNTY,KATABI TOWN COUNCIL,KITALA WARD,31510,10695,2.946236559139785,4993,7398,1890,479,10216,9492,1192,11,9861,196,164,69,0.6917251051893408,0.1767180925666199,0.9220196353436185,0.9552127162225339,0.8875175315568022,0.01533426834969612,1.4072661427048938
WAKISO,BUSIRO COUNTY,KATABI TOWN COUNCIL,NALUGALA WARD,21543,6892,3.1257980266976206,3006,3941,857,520,6372,6039,803,50,5601,308,278,57,0.5718224027858386,0.12434706906558328,0.8126813697040046,0.9245502031340684,0.8762333139872316,0.040336622170632615,0.990554056516803
WAKISO,BUSIRO COUNTY,KATABI TOWN COUNCIL,NKUMBA WARD,32279,12180,2.6501642036124795,5176,7229,1370,617,11563,9962,2164,54,10473,435,262,91,0.5935139573070608,0.11247947454844007,0.8598522167487684,0.9493431855500821,0.8178981937602627,0.021510673234811165,1.005425331859595
WAKISO,BUSIRO COUNTY,KYENGERA TOWN COUNCIL,BUDDO WARD,21425,5627,3.8075350986315977,2707,4045,593,843,4784,4662,956,9,5181,95,143,70,0.7188555180380309,0.10538475208814643,0.9207392926959304,0.8501866003198862,0.8285054202950062,0.025413186422605295,1.1021783063004558
WAKISO,BUSIRO COUNTY,KYENGERA TOWN COUNCIL,KASENGE WARD,56786,17091,3.3225674331519515,7628,11410,1382,1665,15426,13199,3844,48,15658,178,259,106,0.6676028318998303,0.08086127201451056,0.9161547013047803,0.9025803054239073,0.7722778070329414,0.01515417471183664,0.9786954301767126
WAKISO,BUSIRO COUNTY,KYENGERA TOWN COUNCIL,KATEREKE WARD,14790,4046,3.6554621848739495,1908,2503,324,713,3333,3299,737,10,2985,474,197,46,0.6186356895699456,0.0800790904597133,0.7377656945130994,0.82377656945131,0.8153732081067722,0.04869006426099852,0.7232863367495715
WAKISO,BUSIRO COUNTY,KYENGERA TOWN COUNCIL,KIKAJJO WARD,46852,13272,3.5301386377335744,6028,8940,1744,1137,12135,10868,2380,24,11621,343,218,67,0.6735985533453888,0.13140446051838456,0.8756027727546715,0.9143309222423146,0.8188667872212176,0.01642555756479807,1.133345564072061
WAKISO,BUSIRO COUNTY,KYENGERA TOWN COUNCIL,KISOZI WARD,33660,10406,3.2346723044397465,4799,6732,874,1775,8631,8734,1660,12,9108,311,338,74,0.6469344608879493,0.08399000576590429,0.8752642706131079,0.8294253315394965,0.8393234672304439,0.032481260811070535,0.9197239224810015
WAKISO,BUSIRO COUNTY,KYENGERA TOWN COUNCIL,KYENGERA WARD,36560,12993,2.813822827676441,6289,8963,1186,988,12005,10148,2801,44,11883,232,225,60,0.6898329869929962,0.09127991995689987,0.9145693835141999,0.9239590548757023,0.7810359424305395,0.01731701685522974,1.0541259583513622
WAKISO,BUSIRO COUNTY,KYENGERA TOWN COUNCIL,MAYA WARD,14497,4547,3.1882559929623926,2001,2527,271,1112,3435,3458,1058,31,3344,398,217,40,0.5557510446448207,0.059599736089729495,0.7354299538157026,0.7554431493292281,0.7605014295139653,0.047723773916868266,0.47190301759643644
WAKISO,BUSIRO COUNTY,KYENGERA TOWN COUNCIL,NABBINGO WARD,27826,8399,3.313013453982617,4062,5681,890,926,7473,7053,1329,17,7476,151,190,39,0.6763900464340993,0.10596499583283724,0.8901059649958328,0.889748779616621,0.8397428265269675,0.02262174068341469,1.0849532320517186
WAKISO,BUSIRO COUNTY,KYENGERA TOWN COUNCIL,NANZIGA WARD,6355,2279,2.7885037297060116,1033,852,159,397,1882,1610,609,60,1068,380,198,66,0.37384817902588857,0.06976744186046512,0.4686265906099166,0.8258007898200965,0.7064501974550241,0.0868802106186924,0.02351724112692904
WAKISO,BUSIRO COUNTY,KYENGERA TOWN COUNCIL,NSANGI WARD,20268,6611,3.0657994252004235,2999,4321,548,1172,5439,5415,1181,15,5952,186,160,51,0.6536076236575404,0.08289214944788988,0.9003176523975193,0.8227197095749509,0.8190893964604448,0.02420208743004084,0.9250541258741782
WAKISO,BUSIRO COUNTY,MASULIITA,BBAALE,1951,483,4.0393374741200825,176,103,9,174,309,318,152,13,74,193,153,62,0.21325051759834368,0.018633540372670808,0.15320910973084886,0.639751552795031,0.6583850931677019,0.3167701863354037,-1.1050317779422318
WAKISO,BUSIRO COUNTY,MASULIITA,KYENGEZA,4505,1230,3.66260162601626,600,340,19,357,873,839,353,38,42,749,401,70,0.2764227642276423,0.015447154471544716,0.03414634146341464,0.7097560975609756,0.6821138211382114,0.3260162601626016,-1.0353418395714846
WAKISO,BUSIRO COUNTY,MASULIITA,LUGUNGUDE,2189,597,3.6666666666666665,262,120,4,211,386,363,224,10,93,292,189,80,0.20100502512562815,0.006700167504187605,0.15577889447236182,0.6465661641541038,0.6080402010050251,0.3165829145728643,-1.1994764326302023
WAKISO,BUSIRO COUNTY,MASULIITA,LWEMWEDDE,3684,1069,3.4462114125350793,475,298,21,170,899,749,317,3,477,279,173,97,0.27876520112254444,0.019644527595884004,0.4462114125350795,0.8409728718428437,0.7006548175865295,0.1618334892422825,-0.3342911844609714
WAKISO,BUSIRO COUNTY,MASULIITA,MMANZE,2544,669,3.802690582959641,363,240,16,123,546,469,194,6,323,158,129,79,0.35874439461883406,0.02391629297458894,0.4828101644245142,0.8161434977578476,0.7010463378176383,0.19282511210762332,-0.2753833900869662
WAKISO,BUSIRO COUNTY,MASULIITA,NAKIKUNGUBE,1543,424,3.6391509433962264,205,86,7,53,371,279,143,2,31,183,116,41,0.2028301886792453,0.01650943396226415,0.07311320754716981,0.875,0.6580188679245284,0.27358490566037735,-0.8903592780659273
WAKISO,BUSIRO COUNTY,MASULIITA,TUMBAALI,2337,592,3.947635135135135,292,146,11,48,544,281,297,14,78,333,108,81,0.24662162162162163,0.018581081081081082,0.13175675675675674,0.918918918918919,0.47466216216216217,0.18243243243243243,-0.8269189344584502
WAKISO,BUSIRO COUNTY,MASULIITA TOWN COUNCIL,BBIKA WARD,3374,907,3.7199558985667034,337,180,13,214,693,472,432,3,330,256,341,57,0.19845644983461963,0.014332965821389196,0.3638368246968026,0.7640573318632855,0.5203969128996693,0.37596471885336274,-1.1473077386378294
WAKISO,BUSIRO COUNTY,MASULIITA TOWN COUNCIL,KANZIZE WARD,3660,966,3.7888198757763973,452,180,7,149,817,630,315,21,88,457,206,70,0.18633540372670807,0.007246376811594203,0.09109730848861283,0.8457556935817805,0.6521739130434783,0.21325051759834368,-0.8522682653147658
WAKISO,BUSIRO COUNTY,MASULIITA TOWN COUNCIL,KATIKAMU WARD,2895,724,3.998618784530387,368,242,13,273,451,328,376,20,145,326,201,67,0.3342541436464088,0.017955801104972375,0.20027624309392264,0.6229281767955801,0.4530386740331492,0.2776243093922652,-1.1283442510071446
WAKISO,BUSIRO COUNTY,MASULIITA TOWN COUNCIL,MASULIITA WARD,5619,1588,3.538413098236776,721,598,45,200,1388,1106,468,14,872,373,209,50,0.3765743073047859,0.028337531486146095,0.5491183879093199,0.8740554156171285,0.6964735516372796,0.13161209068010077,-0.050960110834665936
WAKISO,BUSIRO COUNTY,MENDE,BAKA,11318,3061,3.697484482195361,1386,1030,84,368,2693,2123,917,21,1151,804,580,62,0.33649134269846454,0.02744201241424371,0.37602090819993467,0.8797778503756942,0.6935641947076119,0.18948056190787324,-0.31215989155893153
WAKISO,BUSIRO COUNTY,MENDE,BBANDA,7185,2059,3.489558037882467,1119,909,134,323,1736,1453,590,16,861,595,191,51,0.44147644487615345,0.06508013598834386,0.41816415735794077,0.8431277319086935,0.7056823700825644,0.09276347741622147,0.06865057121648682
WAKISO,BUSIRO COUNTY,MENDE,KALIITI,18496,5225,3.539904306220096,2412,2677,408,561,4664,4234,968,23,3752,540,380,65,0.5123444976076555,0.07808612440191387,0.7180861244019139,0.8926315789473684,0.810334928229665,0.07272727272727272,0.5909262070110722
WAKISO,BUSIRO COUNTY,MENDE,MENDE,9640,2908,3.314993122420908,1209,865,75,210,2698,1949,895,64,948,838,388,46,0.29745529573590096,0.02579092159559835,0.32599724896836313,0.9277854195323246,0.6702200825309491,0.13342503438789546,-0.2892253807056316
WAKISO,BUSIRO COUNTY,MENDE,NAMUSERA,9557,2624,3.6421493902439024,1117,1406,197,347,2277,2040,576,8,1847,294,143,39,0.5358231707317073,0.07507621951219512,0.7038871951219512,0.8677591463414634,0.7774390243902439,0.054496951219512195,0.5712473917958293
WAKISO,BUSIRO COUNTY,NAMAYUMBA,BBEMBE,5414,1510,3.585430463576159,820,358,24,278,1232,796,675,39,10,867,378,121,0.2370860927152318,0.015894039735099338,0.006622516556291391,0.8158940397350993,0.5271523178807948,0.2503311258278146,-1.0697250567891976
WAKISO,BUSIRO COUNTY,NAMAYUMBA,BUKONDO,4002,1140,3.5105263157894737,633,309,29,75,1065,523,589,28,5,760,226,76,0.2710526315789474,0.02543859649122807,0.0043859649122807015,0.9342105263157895,0.4587719298245614,0.19824561403508772,-0.8986416125821962
WAKISO,BUSIRO COUNTY,NAMAYUMBA,KANZIRO,2566,713,3.5988779803646564,388,163,16,147,566,307,391,15,65,422,205,68,0.22861150070126227,0.02244039270687237,0.091164095371669,0.7938288920056101,0.4305750350631136,0.28751753155680226,-1.2105907186308562
WAKISO,BUSIRO COUNTY,NAMAYUMBA,KITAYITA,4105,1085,3.783410138248848,590,243,24,466,619,421,632,32,21,572,266,54,0.223963133640553,0.022119815668202765,0.01935483870967742,0.5705069124423963,0.3880184331797235,0.24516129032258063,-1.450131036564984
WAKISO,BUSIRO COUNTY,NAMAYUMBA,KYASA,3097,829,3.7358262967430638,358,152,15,195,634,499,307,23,121,272,277,69,0.18335343787696018,0.018094089264173704,0.14595898673100122,0.7647768395657418,0.6019300361881785,0.3341375150784077,-1.1325028181609627
WAKISO,BUSIRO COUNTY,NAMAYUMBA,NAKEDDE,2703,862,3.1357308584686776,460,162,12,45,817,489,358,15,59,388,103,63,0.18793503480278423,0.013921113689095127,0.06844547563805105,0.9477958236658933,0.5672853828306265,0.11948955916473318,-0.7068948249747532
WAKISO,BUSIRO COUNTY,NAMAYUMBA TOWN COUNCIL,KYAMPISI WARD,2556,719,3.5549374130737137,379,274,18,62,657,380,337,2,247,283,109,59,0.3810848400556328,0.025034770514603615,0.3435326842837274,0.913769123783032,0.5285118219749653,0.15159944367176634,-0.3929604719418306
WAKISO,BUSIRO COUNTY,NAMAYUMBA TOWN COUNCIL,KYANUNA WARD,6925,2013,3.440139095876801,1091,727,57,527,1486,1141,847,25,583,802,347,67,0.3611525086934923,0.028315946348733235,0.2896174863387978,0.7382016890213612,0.5668156979632389,0.17237953303527073,-0.5936880361760973
WAKISO,BUSIRO COUNTY,NAMAYUMBA TOWN COUNCIL,LUGUZI WARD,10695,3109,3.440012865873271,1404,1220,109,538,2571,2116,973,20,1269,936,315,65,0.39240913477002254,0.03505950466387906,0.4081698295271792,0.8269540045030557,0.680604696043744,0.1013187520102927,-0.12284820368942807
WAKISO,BUSIRO COUNTY,NAMAYUMBA TOWN COUNCIL,LUTTISI WARD,3504,1000,3.504,554,311,23,93,907,652,313,35,99,547,214,71,0.311,0.023,0.099,0.907,0.652,0.214,-0.6046610420291382
WAKISO,BUSIRO COUNTY,WAKISO,BUKASA,33350,8932,3.7337662337662336,3814,4842,704,1678,7254,7469,1424,39,6566,790,263,65,0.5420958351992835,0.07881773399014778,0.7351097178683386,0.8121361397223467,0.8362068965517241,0.029444693237796686,0.671081620904563
WAKISO,BUSIRO COUNTY,WAKISO,BULOBA,44753,12599,3.5521073101039766,6313,8262,1459,1450,11149,11031,1537,31,11005,398,265,65,0.6557663306611636,0.11580284149535677,0.8734820223827288,0.8849115009127708,0.8755456782284309,0.021033415350424637,1.1117301479667057
WAKISO,BUSIRO COUNTY,WAKISO,KYEBANDO,109853,32659,3.3636363636363638,14669,22248,2891,3742,28917,26573,5907,179,29312,687,376,149,0.6812211029119078,0.08852077528399523,0.8975167641385223,0.885422088857589,0.8136501423803546,0.011512906090204843,1.040890330752526
WAKISO,BUSIRO COUNTY,WAKISO,LUKWANGA,19324,5383,3.5898198030837825,2693,2575,362,1041,4342,4086,1186,111,2973,1075,381,81,0.4783577930522014,0.06724874605238715,0.5522942597064834,0.8066134125952071,0.759056288315066,0.07077837637005387,0.27714689009915655
WAKISO,BUSIRO COUNTY,WAKISO,NAKABUGO,67387,21200,3.178632075471698,9054,14487,2117,1748,19452,17665,3460,75,18509,652,284,101,0.6833490566037735,0.09985849056603774,0.873066037735849,0.9175471698113208,0.8332547169811321,0.01339622641509434,1.1017852175778333
WAKISO,BUSIRO COUNTY,WAKISO,NALUVULE,15854,4584,3.4585514834205933,2367,3293,842,448,4136,3742,832,10,4211,94,74,34,0.7183682373472949,0.18368237347294938,0.918630017452007,0.9022687609075044,0.8163176265270506,0.01614310645724258,1.3157707753820223
WAKISO,BUSIRO COUNTY,WAKISO,SUMBWE,55422,17731,3.1257120297783545,8661,12260,1717,1715,16016,14588,3118,25,15223,798,232,130,0.6914443629800914,0.09683604985618409,0.8585528170999943,0.9032767469403868,0.822739834188709,0.013084428402233377,1.070259561028516
WAKISO,BUSIRO COUNTY,WAKISO TOWN COUNCIL,GOMBE WARD,12830,3742,3.428647781934794,1600,2524,383,510,3232,3122,612,8,3360,134,67,58,0.6745056119722074,0.10235168359166222,0.8979155531801176,0.8637092463923036,0.8343132014965259,0.01790486370924639,1.057523790622802
WAKISO,BUSIRO COUNTY,WAKISO TOWN COUNCIL,KASENGEJJE WARD,13882,3597,3.859327217125382,1746,2279,356,436,3161,2843,747,7,2988,178,110,28,0.6335835418404225,0.09897136502641089,0.8306922435362802,0.8787878787878788,0.7903808729496803,0.03058103975535168,0.8935181344884716
WAKISO,BUSIRO COUNTY,WAKISO TOWN COUNCIL,KAVUMBA WARD,11602,3282,3.5350396099939063,1629,1995,537,669,2613,2750,526,6,2717,170,120,38,0.6078610603290676,0.1636197440585009,0.8278488726386349,0.7961608775137111,0.837903717245582,0.03656307129798903,0.9716430966636966
WAKISO,BUSIRO COUNTY,WAKISO TOWN COUNCIL,KISIMBIRI WARD,14750,4345,3.3947065592635215,1921,2762,331,493,3852,3634,705,6,3951,76,93,58,0.6356731875719217,0.0761795166858458,0.9093210586881473,0.886536248561565,0.8363636363636363,0.02140391254315305,0.9784583063757322
WAKISO,BUSIRO COUNTY,WAKISO TOWN COUNCIL,MPUNGA WARD,12744,3532,3.608154020385051,1646,2348,430,595,2937,3060,471,1,3217,76,76,44,0.6647791619479049,0.1217440543601359,0.9108154020385051,0.8315402038505096,0.8663646659116648,0.021517553793884484,1.099776441669586
WAKISO,BUSIRO COUNTY,WAKISO TOWN COUNCIL,NAMUSERA WARD,11749,3545,3.3142454160789843,1655,2268,383,343,3202,2747,796,2,3070,202,69,45,0.6397743300423131,0.10803949224259521,0.8660084626234132,0.9032440056417489,0.7748942172073343,0.019464033850493653,0.9657875748869794
WAKISO,ENTEBBE MUNICIPALITY,DIVISION A,CENTRAL,16400,5062,3.2398261556696957,2186,3298,1097,204,4858,4158,889,15,4731,65,143,33,0.651521137890162,0.21671276175424734,0.934610825760569,0.9596997234294745,0.8214144606874753,0.028249703674436983,1.3528981482603497
WAKISO,ENTEBBE MUNICIPALITY,DIVISION A,KATABI,18804,5519,3.4071389744518936,2578,3880,1182,199,5320,4738,752,29,5118,75,138,81,0.703025910491031,0.21416923355680376,0.927341909766262,0.9639427432505889,0.8584888566769342,0.025004529806124297,1.4612225128942293
WAKISO,ENTEBBE MUNICIPALITY,DIVISION B,KIGUNGU,8133,2694,3.0189309576837418,1108,1357,104,207,2487,1226,1410,58,2077,167,120,73,0.5037119524870082,0.038604305864884926,0.7709725315515962,0.923162583518931,0.4550853749072012,0.044543429844097995,0.16835561892636908
WAKISO,ENTEBBE MUNICIPALITY,DIVISION B,KIWAFU,21499,6701,3.208327115355917,3344,4544,982,262,6439,4932,1736,33,6252,61,134,66,0.6781077451126698,0.14654529174750036,0.9329950753618863,0.9609013580062677,0.7360095508133114,0.019997015370840174,1.1440875868053537
WAKISO,KIRA MUNICIPALITY,BWEYOGERERE DIVISION,BWEYOGERERE WARD,59703,21762,2.743451888613179,9427,13918,3362,972,20790,18536,3181,45,20038,428,287,140,0.6395551879422847,0.15448947707012223,0.9207793401341788,0.9553349875930521,0.851759948534142,0.013188126091351898,1.2539183461451937
WAKISO,KIRA MUNICIPALITY,BWEYOGERERE DIVISION,KIRINYA WARD,73454,23734,3.094884975141148,10679,15786,3696,1201,22533,19532,4103,99,21456,392,422,160,0.6651217662425213,0.15572596275385522,0.9040195500126401,0.9493974888345833,0.8229544113929383,0.01778039942698239,1.2285857323428295
WAKISO,KIRA MUNICIPALITY,KIRA DIVISION,KIMWANYI WARD,37082,10374,3.5745132060921536,4959,6413,1507,1298,9076,8479,1833,62,8711,412,439,86,0.6181800655484866,0.14526701368806633,0.8396953923269713,0.8748795064584538,0.8173317910160015,0.042317331791016,0.9897630191562528
WAKISO,KIRA MUNICIPALITY,KIRA DIVISION,KIRA WARD,61117,19197,3.183674532479033,7768,13271,6067,1031,18166,17529,1638,30,17726,491,219,123,0.6913059332187321,0.3160389644215242,0.9233734437672553,0.946293691722665,0.9131114236599469,0.011408032505078918,1.736094271556999
WAKISO,KIRA MUNICIPALITY,NAMUGONGO DIVISION,KIREKA WARD,101341,38604,2.625142472282665,16466,24783,7017,1649,36955,31256,7268,80,35204,746,482,241,0.6419801056885297,0.1817687286291576,0.9119262252616309,0.957284219251891,0.8096570303595483,0.0124857527717335,1.260626040567027
WAKISO,KIRA MUNICIPALITY,NAMUGONGO DIVISION,KYALIWAJJALA WARD,63492,20698,3.0675427577543726,9312,14868,7099,956,19742,18651,2027,20,19266,356,250,125,0.7183302734563726,0.3429799980674461,0.9308145714561793,0.9538119625084549,0.9011015557058653,0.012078461687119528,1.8231812805349639
WAKISO,KYADONDO COUNTY,KASANGATI TOWN COUNCIL,BULAMU WARD,34914,10397,3.358084062710397,5448,6855,1017,830,9567,8404,1949,44,9158,221,238,67,0.6593248052322785,0.09781667788785227,0.880831008944888,0.9201692795998846,0.8083100894488795,0.022891218620755986,1.0287707024989496
WAKISO,KYADONDO COUNTY,KASANGATI TOWN COUNCIL,GAYAZA WARD,28054,9193,3.0516697487218534,4387,5916,1211,499,8694,7853,1327,13,8196,228,152,75,0.6435331230283912,0.1317306646361362,0.8915479168932884,0.9457195692374633,0.854236919395192,0.016534319590993145,1.1793549181906255
WAKISO,KYADONDO COUNTY,KASANGATI TOWN COUNCIL,KABUBBU WARD,24679,7448,3.3135069817400646,3721,4510,964,788,6660,6061,1370,17,6295,352,280,64,0.605531686358754,0.12943071965628355,0.8451933404940923,0.8941997851772288,0.8137755102040817,0.03759398496240601,0.9648878532549507
WAKISO,KYADONDO COUNTY,KASANGATI TOWN COUNCIL,KATADDE WARD,17742,4727,3.7533319229955575,2135,2602,435,500,4227,3530,1179,18,3275,567,404,45,0.5504548339327269,0.09202453987730061,0.692828432409562,0.8942246668077004,0.7467738523376348,0.08546646921937805,0.5532472762593499
WAKISO,KYADONDO COUNTY,KASANGATI TOWN COUNCIL,KITEEZI WARD,37363,11160,3.3479390681003585,5325,8072,1386,745,10415,9376,1737,47,9930,185,184,66,0.7232974910394265,0.12419354838709677,0.8897849462365591,0.9332437275985663,0.8401433691756273,0.016487455197132617,1.2321339766218669
WAKISO,KYADONDO COUNTY,KASANGATI TOWN COUNCIL,MASOOLI WARD,20259,6221,3.256550393827359,2869,4375,1080,480,5741,5092,1124,5,5747,92,117,68,0.7032631409741199,0.1736055296576113,0.9238064619836039,0.9228419868188394,0.8185179231634785,0.018807265712907893,1.2959373067760718
WAKISO,KYADONDO COUNTY,KASANGATI TOWN COUNCIL,NANGABO WARD,21644,6449,3.3561792525973018,3006,4040,1082,712,5737,5084,1345,20,5356,389,248,45,0.6264537137540704,0.16777795006977825,0.8305163591254459,0.8895952860908668,0.78833927740735,0.03845557450767561,1.026273437170795
WAKISO,KYADONDO COUNTY,KASANGATI TOWN COUNCIL,WAMPEWO WARD,41243,12720,3.242374213836478,6353,8800,2112,721,11999,10986,1709,25,11397,201,233,84,0.6918238993710691,0.1660377358490566,0.8959905660377359,0.943317610062893,0.8636792452830189,0.01831761006289308,1.322066909893338
WAKISO,KYADONDO COUNTY,KASANGATI TOWN COUNCIL,WATTUBA WARD,17824,4824,3.6948590381426203,2249,3222,577,463,4361,3903,913,8,4273,137,136,49,0.667910447761194,0.11961028192371476,0.8857794361525705,0.9040215588723052,0.8090796019900498,0.028192371475953566,1.0668354027562401
WAKISO,MAKINDYE-SSABAGABO MUNICIPALITY,BUNAMWAYA DIVISION,BUNAMWAYA WARD,45489,13532,3.3615873485072423,6332,9663,2344,796,12736,11897,1618,17,12635,115,193,92,0.7140851315400532,0.17321903635826189,0.9337126810523204,0.9411764705882353,0.8791752882057345,0.014262488915164056,1.41396269556649
WAKISO,MAKINDYE-SSABAGABO MUNICIPALITY,BUNAMWAYA DIVISION,MUTUNDWE WARD,34771,10437,3.331512886844879,4887,7301,1065,835,9602,8378,2045,14,9547,129,155,69,0.6995305164319249,0.10204081632653061,0.9147264539618665,0.9199961674810769,0.8027210884353742,0.014851010826865957,1.116460700453552
WAKISO,MAKINDYE-SSABAGABO MUNICIPALITY,MASAJJA DIVISION,BUSABALA WARD,84485,23566,3.585037766273445,11163,16769,2446,1565,22001,20279,3248,39,21306,607,303,186,0.7115759993210558,0.10379360095052194,0.9040991258592888,0.9335907663583128,0.8605193923449037,0.012857506577272342,1.214850335802187
WAKISO,MAKINDYE-SSABAGABO MUNICIPALITY,MASAJJA DIVISION,MASAJJA WARD,35861,10831,3.3109592835379926,5429,7919,1087,532,10299,9428,1393,10,10196,202,99,64,0.7311420921429231,0.10036007755516572,0.9413719878127597,0.9508817283722648,0.8704644077185856,0.009140430246514633,1.2906631740071794
WAKISO,MAKINDYE-SSABAGABO MUNICIPALITY,MASAJJA DIVISION,NAMASUBA,61353,18946,3.238308877863401,8784,13418,1936,868,18078,16305,2622,19,17565,297,186,109,0.7082233716879552,0.10218515781695345,0.9271086245117703,0.9541855800696717,0.8606038213871002,0.009817375699356064,1.2464675677415702
WAKISO,MAKINDYE-SSABAGABO MUNICIPALITY,NDEJJE DIVISION,MUTUNGO WARD,34947,9887,3.534641448366542,4174,6496,1412,470,9417,8643,1229,15,9150,150,157,71,0.6570243754425003,0.14281379589359766,0.9254576716900981,0.95246282997876,0.8741782138161222,0.01587943764539294,1.274130421077068
WAKISO,MAKINDYE-SSABAGABO MUNICIPALITY,NDEJJE DIVISION,NDEJJE WARD,77416,21385,3.6201075520224455,9940,15386,2355,1211,20174,17898,3462,25,19686,356,307,113,0.7194762684124386,0.11012391863455694,0.920551788636895,0.9433715220949264,0.8369417816226327,0.0143558569090484,1.2265499259472157
WAKISO,MAKINDYE-SSABAGABO MUNICIPALITY,NDEJJE DIVISION,SEGUKU WARD,18997,5943,3.1965337371697795,2358,4003,1320,301,5642,5265,669,9,5396,235,95,47,0.6735655392899209,0.2221100454316002,0.9079589432946323,0.9493521790341578,0.8859162039374053,0.015985192663637893,1.4643189595649775
WAKISO,NANSANA MUNICIPALITY,BUSUKUMA DIVISION,BUSUKUMA,10488,2962,3.540850776502363,1530,1586,303,299,2663,2519,437,6,2243,246,275,67,0.5354490209318028,0.10229574611748818,0.7572586090479406,0.8990546927751519,0.8504388926401081,0.09284267386900742,0.7192520869965121
WAKISO,NANSANA MUNICIPALITY,BUSUKUMA DIVISION,GULUDDENE,6134,2023,3.032130499258527,804,714,80,593,1430,1685,331,7,1238,138,220,42,0.35294117647058826,0.039545229856648545,0.6119624320316361,0.7068709836875927,0.8329214038556599,0.10874938210578348,0.03928147842065543
WAKISO,NANSANA MUNICIPALITY,BUSUKUMA DIVISION,KABUUMBA,4352,1092,3.9853479853479854,602,406,49,285,807,870,213,9,398,376,159,65,0.3717948717948718,0.04487179487179487,0.36446886446886445,0.739010989010989,0.7967032967032966,0.14560439560439561,-0.1671832657885738
WAKISO,NANSANA MUNICIPALITY,BUSUKUMA DIVISION,KIKOKO,4911,1328,3.6980421686746987,639,672,179,64,1264,1123,199,6,870,148,123,67,0.5060240963855421,0.13478915662650603,0.6551204819277109,0.9518072289156626,0.8456325301204819,0.09262048192771084,0.7269707906452095
WAKISO,NANSANA MUNICIPALITY,BUSUKUMA DIVISION,KIWENDA,13083,3986,3.282237832413447,1953,1985,283,474,3512,3226,755,5,2813,442,364,84,0.4979929754139488,0.07099849473156046,0.7057200200702458,0.8810837932764677,0.809332664325138,0.09131961866532864,0.5071227213298409
WAKISO,NANSANA MUNICIPALITY,BUSUKUMA DIVISION,LUGO,9365,2726,3.4354365370506237,1268,1038,109,580,2146,1616,1101,9,1294,610,428,71,0.38077769625825386,0.03998532648569332,0.4746881878209831,0.7872340425531915,0.5928099779897286,0.15700660308143802,-0.319080882455801
WAKISO,NANSANA MUNICIPALITY,BUSUKUMA DIVISION,MAGIGYE,15400,4482,3.435966086568496,2095,2412,292,359,4123,3478,989,15,3177,453,200,57,0.5381526104417671,0.06514948683623382,0.7088353413654619,0.9199018295403838,0.7759928603302098,0.04462293618920125,0.6182374146926651
WAKISO,NANSANA MUNICIPALITY,BUSUKUMA DIVISION,WAMIRONGO,4687,1259,3.722795869737887,728,573,56,272,987,823,421,15,650,182,263,53,0.4551231135822081,0.04447974583002383,0.5162827640984908,0.7839555202541699,0.653693407466243,0.20889594916600476,-0.20400687261808717
WAKISO,NANSANA MUNICIPALITY,GOMBE DIVISION,BUWAMBO WARD,21823,6644,3.2846177001806143,3045,3553,371,1106,5538,4743,1882,19,4866,725,592,70,0.5347682119205298,0.055839855508729684,0.7323901264298616,0.8335340156532209,0.7138771824202288,0.08910295003010235,0.3808568448134795
WAKISO,NANSANA MUNICIPALITY,GOMBE DIVISION,GOMBE WARD,7534,2179,3.4575493345571364,1108,1041,109,309,1870,1606,561,12,1362,375,255,105,0.47774208352455255,0.05002294630564479,0.625057365764112,0.8581918311151905,0.7370353373106929,0.11702615878843506,0.23094760862746636
WAKISO,NANSANA MUNICIPALITY,GOMBE DIVISION,JAGGALA WARD,10828,3134,3.4550095724313974,1260,1299,125,556,2578,2352,763,19,1808,666,394,72,0.41448627951499684,0.0398851308232291,0.5768985322271857,0.822590938098277,0.7504786215698788,0.12571793235481812,0.06857923043010498
WAKISO,NANSANA MUNICIPALITY,GOMBE DIVISION,KIRYAMULI WARD,11567,3741,3.0919540229885056,1599,1846,269,596,3145,2810,917,14,2681,356,190,61,0.4934509489441326,0.0719059075113606,0.7166533012563485,0.8406843090082865,0.7511360598770382,0.05078855920876771,0.4696563172955767
WAKISO,NANSANA MUNICIPALITY,GOMBE DIVISION,MATUGGA WARD,45483,13722,3.314604285089637,6371,8804,1136,1266,12456,10983,2723,16,12287,392,364,100,0.6415974347762717,0.08278676577758344,0.895423407666521,0.9077393965894185,0.8003935286401399,0.026526745372394696,0.9572397153339859
WAKISO,NANSANA MUNICIPALITY,GOMBE DIVISION,MIGADDE WARD,5879,1776,3.3102477477477477,685,613,84,414,1362,1153,617,6,854,322,262,61,0.34515765765765766,0.0472972972972973,0.48085585585585583,0.7668918918918919,0.6492117117117117,0.14752252252252251,-0.27676796360855127
WAKISO,NANSANA MUNICIPALITY,GOMBE DIVISION,MWERERWE WARD,4874,1530,3.1856209150326795,587,573,94,161,1369,987,541,2,855,244,173,48,0.37450980392156863,0.06143790849673202,0.5588235294117647,0.8947712418300654,0.6450980392156863,0.1130718954248366,0.010315683420145457
WAKISO,NANSANA MUNICIPALITY,GOMBE DIVISION,NASSE WARD,4139,1254,3.3006379585326955,666,583,80,560,694,991,254,9,657,240,102,51,0.4649122807017544,0.06379585326953748,0.5239234449760766,0.5534290271132376,0.7902711323763956,0.08133971291866028,0.02460872840756776
WAKISO,NANSANA MUNICIPALITY,GOMBE DIVISION,SSANGA WARD,13979,4413,3.1676863811466123,1983,2171,262,745,3668,3887,507,19,2993,503,279,62,0.4919555857693179,0.059370043054611375,0.678223430772717,0.8311806027645593,0.8808067074552459,0.06322229775662815,0.545604124945367
WAKISO,NANSANA MUNICIPALITY,GOMBE DIVISION,TIKALU WARD,6475,1868,3.46627408993576,960,710,64,221,1647,1208,649,11,915,379,250,62,0.38008565310492504,0.034261241970021415,0.48982869379014987,0.8816916488222698,0.6466809421841542,0.13383297644539616,-0.13137497770607662
WAKISO,NANSANA MUNICIPALITY,GOMBE DIVISION,WAMBALE WARD,7110,2084,3.4117082533589254,1054,798,99,318,1766,1356,714,14,1021,462,326,72,0.3829174664107486,0.04750479846449136,0.4899232245681382,0.8474088291746641,0.6506717850287908,0.15642994241842612,-0.1632541077784275
WAKISO,NANSANA MUNICIPALITY,NABWERU DIVISION,KAWANDA,30339,8869,3.420791521028301,4003,5973,843,747,8122,7186,1669,14,7914,324,204,72,0.673469387755102,0.09505017476603901,0.8923215695117827,0.9157740444243996,0.8102379073176231,0.02300146577968204,1.046183236724831
WAKISO,NANSANA MUNICIPALITY,NABWERU DIVISION,MAGANJO,66596,21225,3.137620730270907,9860,14398,2128,1235,19990,17116,4086,23,19474,549,280,131,0.6783510011778563,0.10025912838633687,0.9175029446407539,0.941813898704358,0.8064075382803298,0.013191990577149587,1.1154290550741235
WAKISO,NANSANA MUNICIPALITY,NABWERU DIVISION,NAKYESANJA,26330,7928,3.321140262361251,3846,5642,739,579,7349,6345,1568,15,7238,155,152,44,0.7116548940464178,0.09321392532795156,0.9129667003027245,0.9269677093844602,0.8003279515640767,0.01917255297679112,1.1076052449496947
WAKISO,NANSANA MUNICIPALITY,NABWERU DIVISION,WAMALA,82414,26069,3.1613794161647935,11408,17648,1989,2770,23299,21614,4426,29,23247,782,373,165,0.6769726495070774,0.07629751812497602,0.8917488204380682,0.8937435267942767,0.8291073689055967,0.014308182132034216,1.027550411113078
WAKISO,NANSANA MUNICIPALITY,NANSANA DIVISION,KAZO WARD,40116,13940,2.877761836441894,6263,9855,1222,659,13281,10982,2944,14,12884,355,103,115,0.7069583931133429,0.08766140602582496,0.9242467718794835,0.952725968436155,0.7878048780487805,0.007388809182209469,1.12501164288713
WAKISO,NANSANA MUNICIPALITY,NANSANA DIVISION,NABWERU NORTH WARD,33064,11416,2.8962859145059565,4751,7480,909,1007,10409,8666,2720,30,10309,272,140,75,0.6552207428170989,0.07962508759635599,0.9030308339173091,0.9117904695164681,0.7591100210231254,0.012263489838822705,0.9489718106997823
WAKISO,NANSANA MUNICIPALITY,NANSANA DIVISION,NABWERU SOUTH WARD,21273,7673,2.7724488466049784,3222,5070,663,567,7106,6008,1656,9,7120,221,83,75,0.6607585038446501,0.0864068812719927,0.9279291020461358,0.9261045223511013,0.783005343411964,0.010817151049133325,1.0317600096373034
WAKISO,NANSANA MUNICIPALITY,NANSANA DIVISION,NANSANA 7/8 OCHIENG WARD,26102,9173,2.8455249100621387,4568,6545,1239,725,8448,7958,1192,23,8402,240,108,165,0.7135070315055053,0.13507031505505288,0.9159489807042407,0.9209636978087866,0.8675460590864493,0.011773683636760056,1.2911005722458215
WAKISO,NANSANA MUNICIPALITY,NANSANA DIVISION,NANSANA EAST WARD,37487,13571,2.7622872301230563,6147,9480,1521,1182,12389,11695,1823,53,12610,252,178,93,0.6985483752118488,0.11207722349126814,0.9291872374917103,0.9129025127109277,0.8617640557070223,0.013116203669589566,1.2154419541584554
WAKISO,NANSANA MUNICIPALITY,NANSANA DIVISION,NANSANA WEST WARD,37189,13632,2.7280663145539905,6107,9617,1674,831,12801,11766,1853,13,12752,221,159,127,0.7054724178403756,0.12279929577464789,0.9354460093896714,0.9390404929577465,0.8631161971830986,0.011663732394366197,1.2790236082181798
